Switch_Method,Switches_per_Subj_mean,Switches_per_Subj_SD,Model,Beta_Frequency_mean,Beta_Frequency_std,Beta_Semantic_mean,Beta_Semantic_std,Beta_Phonological_mean,Beta_Phonological_std
simdrop,5.2,1.8867962264113207,forage_dynamic,8.341283794970112,1.432715144084674,4.395668273362319,1.328289141169716,,
simdrop,5.2,1.8867962264113207,forage_phonologicaldynamicglobal,8.382987622749468,1.4901372036497897,4.56203699376904,1.6730054257910554,-0.021560962166346422,0.08668105613144535
simdrop,5.2,1.8867962264113207,forage_phonologicaldynamiclocal,8.375004808296476,1.4813595987287116,4.624122097092794,1.8118094182993916,-0.06030515205038927,0.3336893854513809
simdrop,5.2,1.8867962264113207,forage_phonologicaldynamicswitch,8.369452898759063,1.4521120163511179,4.395546499559918,1.3278628942129167,-0.16993106951276554,0.6412881887016061
none,,,forage_phonologicalstatic,8.54568063913739,1.5245060884581854,2.957856192405846,1.3705855884387081,-0.009165945557492235,0.0788651273132722
none,,,forage_static,8.51736211125486,1.4815498227029282,2.894730216683172,1.1945243486878665,,
