Switch_Method,Switches_per_Subj_mean,Switches_per_Subj_SD,Model,Beta_Frequency_mean,Beta_Frequency_std,Beta_Semantic_mean,Beta_Semantic_std,Beta_Phonological_mean,Beta_Phonological_std
simdrop,5.35,1.9649003367431472,forage_dynamic,9.025408719108952,1.234392448116437,2.3761525858114974,0.5992332939243405,,
simdrop,5.35,1.9649003367431472,forage_phonologicaldynamicglobal,9.136325901632825,1.347972704047005,2.516402316620781,0.8024392432390316,-0.0305750588527048,0.08976890734815235
simdrop,5.35,1.9649003367431472,forage_phonologicaldynamiclocal,9.153207199839168,1.3504949733540506,2.5806458281627016,0.9105019667999183,-0.041927425935203405,0.10569908079346822
simdrop,5.35,1.9649003367431472,forage_phonologicaldynamicswitch,9.049586065308008,1.230651820018177,2.3771851208227655,0.5982458047144561,-0.1746121961670832,0.6751941041146102
none,,,forage_phonologicalstatic,9.258911875542077,1.3618432299015257,1.7930383077201388,0.7626002520302463,-0.019286523129042606,0.08425330870396965
none,,,forage_static,9.173965070819465,1.2504757815844998,1.7159479716927308,0.6199078468390766,,
