Switch_Method,Switches_per_Subj_mean,Switches_per_Subj_SD,Model,Beta_Frequency_mean,Beta_Frequency_std,Beta_Semantic_mean,Beta_Semantic_std,Beta_Phonological_mean,Beta_Phonological_std
simdrop,5.3,1.846618531261939,forage_dynamic,8.448308804475339,1.427080968150056,4.244427412365444,1.3328526499268891,,
simdrop,5.3,1.846618531261939,forage_phonologicaldynamicglobal,8.482734055272582,1.468100032112695,4.391682240610808,1.6686640883189219,-0.017389089651528758,0.08253816498677378
simdrop,5.3,1.846618531261939,forage_phonologicaldynamiclocal,8.473068744830776,1.4688529607567065,4.4227301068489835,1.6866321922851737,-0.020789479401521982,0.09029867881902326
simdrop,5.3,1.846618531261939,forage_phonologicaldynamicswitch,8.468511667753408,1.421080478861853,4.244691798961873,1.3325593958783808,-0.13344607203633274,0.5652163315020776
none,,,forage_phonologicalstatic,8.651176439503251,1.4797014230869785,2.861648457130273,1.3552761960783155,-0.006382524740001725,0.07679235966528208
none,,,forage_static,8.627108497517535,1.4374415226405095,2.811963159422662,1.1957805662969236,,
