Switch_Method,Switches_per_Subj_mean,Switches_per_Subj_SD,Model,Beta_Frequency_mean,Beta_Frequency_std,Beta_Semantic_mean,Beta_Semantic_std,Beta_Phonological_mean,Beta_Phonological_std
simdrop,5.35,1.8423264278261513,forage_dynamic,8.812827341904079,1.3243363988007382,3.40241797747239,0.997389122596043,,
simdrop,5.35,1.8423264278261513,forage_phonologicaldynamicglobal,8.875188378596437,1.3937731939708382,3.5514566540819783,1.240648928809998,-0.023482853631236877,0.08312291599077144
simdrop,5.35,1.8423264278261513,forage_phonologicaldynamiclocal,8.862644562716294,1.3845053673431238,3.5759895088447164,1.2821357367040613,-0.025358753220856508,0.08964036576169794
simdrop,5.35,1.8423264278261513,forage_phonologicaldynamicswitch,8.843104129824205,1.332178567873996,3.4036579326487213,0.9957668220001649,-0.28605666710193195,0.7806907030581062
none,,,forage_phonologicalstatic,8.992171641773245,1.4333836634353794,2.3678975392956545,1.0394086189151475,-0.011342834482282524,0.07855318751687271
none,,,forage_static,8.948424556147073,1.3656309009482948,2.308781701397113,0.905372799433718,,
