Switch_Method,Switches_per_Subj_mean,Switches_per_Subj_SD,Model,Beta_Frequency_mean,Beta_Frequency_std,Beta_Semantic_mean,Beta_Semantic_std,Beta_Phonological_mean,Beta_Phonological_std
simdrop,5.55,1.909842925478428,forage_dynamic,8.503211399471756,1.3216809344055058,2.3868578032312646,0.4838089539092999,,
simdrop,5.55,1.909842925478428,forage_phonologicaldynamicglobal,8.596259995447928,1.4090699690326125,2.554126405625436,0.6658902773691214,-0.038383476721756335,0.08752229689119549
simdrop,5.55,1.909842925478428,forage_phonologicaldynamiclocal,8.618004323171645,1.3976466067242928,2.656033375713626,0.760066356271332,-0.06267859948924995,0.10672710105694855
simdrop,5.55,1.909842925478428,forage_phonologicaldynamicswitch,8.51296901429752,1.321255996668179,2.3870227003121864,0.48375733457388936,-0.11109107566528406,0.5657472693682497
none,,,forage_phonologicalstatic,8.694940541486023,1.4494365867221997,1.7014997478564808,0.7118561236371687,-0.022787256930065707,0.08082135732169181
none,,,forage_static,8.625712794163094,1.3675722671066883,1.6259448409613353,0.5895635028703105,,
