Switch_Method,Switches_per_Subj_mean,Switches_per_Subj_SD,Model,Beta_Frequency_mean,Beta_Frequency_std,Beta_Semantic_mean,Beta_Semantic_std,Beta_Phonological_mean,Beta_Phonological_std
simdrop,5.35,1.8958287545732253,forage_dynamic,8.42203615131442,1.3535392266909214,3.282320099541077,0.8694213816015677,,
simdrop,5.35,1.8958287545732253,forage_phonologicaldynamicglobal,8.493481724560862,1.4221319458961412,3.4530389066062854,1.1346540591987015,-0.02965050400137965,0.08570382676680388
simdrop,5.35,1.8958287545732253,forage_phonologicaldynamiclocal,8.481572873463273,1.4246456863914103,3.485632817868854,1.1766552452802561,-0.03337160822822765,0.09518140311100842
simdrop,5.35,1.8958287545732253,forage_phonologicaldynamicswitch,8.436035502543229,1.3592825179678574,3.282563531632107,0.8692061915675493,-0.21820874313020303,0.6780397562623571
none,,,forage_phonologicalstatic,8.627618449435834,1.4908494598382975,2.2426677284364076,1.0224244579334767,-0.01510979593482558,0.07921138484096196
none,,,forage_static,8.577646287872424,1.4306285897125686,2.1768033905834403,0.8655939438506801,,
