Switch_Method,Switches_per_Subj_mean,Switches_per_Subj_SD,Model,Beta_Frequency_mean,Beta_Frequency_std,Beta_Semantic_mean,Beta_Semantic_std,Beta_Phonological_mean,Beta_Phonological_std
simdrop,5.333333333333333,1.937925580499818,forage_dynamic,9.07639484241681,1.2339812443748195,2.3457280385938857,0.6208494327575192,,
simdrop,5.333333333333333,1.937925580499818,forage_phonologicaldynamicglobal,9.18242743042952,1.348410766256503,2.4722688141128573,0.8069182306424332,-0.02801638217976958,0.08785545026792103
simdrop,5.333333333333333,1.937925580499818,forage_phonologicaldynamiclocal,9.194381805802442,1.348627057733617,2.526496118462217,0.8942647668557117,-0.03810017347635089,0.09971948803508614
simdrop,5.333333333333333,1.937925580499818,forage_phonologicaldynamicswitch,9.099144185970774,1.2304189876054712,2.3468781776570053,0.6197510080747323,-0.20592467172192885,0.7193414435460682
none,,,forage_phonologicalstatic,9.285925072356509,1.3675598204080133,1.7427595859573877,0.7682873152174664,-0.017115504983802945,0.08363158666314606
none,,,forage_static,9.205898195578117,1.2533679672276412,1.6733115513154824,0.6338864056321655,,
