Switch_Method,Switches_per_Subj_mean,Switches_per_Subj_SD,Model,Beta_Frequency_mean,Beta_Frequency_std,Beta_Semantic_mean,Beta_Semantic_std,Beta_Phonological_mean,Beta_Phonological_std
simdrop,5.166666666666667,1.924981962397455,forage_dynamic,8.106849776645607,1.3839141092478502,4.418752570883222,1.2840891031681008,,
simdrop,5.166666666666667,1.924981962397455,forage_phonologicaldynamicglobal,8.135201969026294,1.415247139070203,4.529850063664725,1.5405041647456423,-0.013380735051772284,0.07926322916768098
simdrop,5.166666666666667,1.924981962397455,forage_phonologicaldynamiclocal,8.126997501138558,1.4059669252235363,4.5675958201977105,1.565229129904732,-0.0195470329273838,0.0894641342313493
simdrop,5.166666666666667,1.924981962397455,forage_phonologicaldynamicswitch,8.120226471837501,1.3846538774424697,4.418833556589477,1.2837121028577527,-0.25181159531534436,0.7974880387376722
none,,,forage_phonologicalstatic,8.266105959169723,1.4143799597951943,2.9423166823697176,1.305480222895518,-0.0032362187138037742,0.07507477713572878
none,,,forage_static,8.246132184344933,1.3854879617216704,2.9104443750382556,1.1910956536159454,,
