Switch_Method,Switches_per_Subj_mean,Switches_per_Subj_SD,Model,Beta_Frequency_mean,Beta_Frequency_std,Beta_Semantic_mean,Beta_Semantic_std,Beta_Phonological_mean,Beta_Phonological_std
simdrop,5.35,1.8603315116756296,forage_dynamic,8.468632206322978,1.4189037267863565,4.211221042329738,1.3387336852536398,,
simdrop,5.35,1.8603315116756296,forage_phonologicaldynamicglobal,8.50329124474071,1.4614089609010916,4.353381959309761,1.6677567257177977,-0.016597688256534744,0.08198525804121909
simdrop,5.35,1.8603315116756296,forage_phonologicaldynamiclocal,8.493057638531868,1.4617571165923717,4.382872431792662,1.683861001316754,-0.019694544587415094,0.08929395972600417
simdrop,5.35,1.8603315116756296,forage_phonologicaldynamicswitch,8.488925739940541,1.4151060088626106,4.211555869099233,1.3384035926621263,-0.14690528351335677,0.6127575759542148
none,,,forage_phonologicalstatic,8.664517907328351,1.4780924360408765,2.8197585670965566,1.3507863618748075,-0.005701651503870955,0.07651979668945975
none,,,forage_static,8.641132208327644,1.4354766451344252,2.7733177634352617,1.1964628769506944,,
