Switch_Method,Switches_per_Subj_mean,Switches_per_Subj_SD,Model,Beta_Frequency_mean,Beta_Frequency_std,Beta_Semantic_mean,Beta_Semantic_std,Beta_Phonological_mean,Beta_Phonological_std
simdrop,5.483333333333333,1.9620709014258946,forage_dynamic,8.833537576851493,1.286409011576311,2.7540526933982963,0.6476309456558743,,
simdrop,5.483333333333333,1.9620709014258946,forage_phonologicaldynamicglobal,8.93750773709641,1.3869362679981756,2.919230573614241,0.8708818218198671,-0.03310762736394273,0.08711518941130962
simdrop,5.483333333333333,1.9620709014258946,forage_phonologicaldynamiclocal,8.933548827647959,1.3769597822188693,2.9668775386697566,0.9999125617838807,-0.039291719113745516,0.10805006602880546
simdrop,5.483333333333333,1.9620709014258946,forage_phonologicaldynamicswitch,8.868085095501074,1.285479357455747,2.7553774375400635,0.6462514760669704,-0.28915348282702724,0.7861197077765226
none,,,forage_phonologicalstatic,9.103721125314731,1.3835685350162312,2.0548150421852944,0.8065922169494966,-0.02066567509279356,0.08141340819188124
none,,,forage_static,9.025237667413032,1.2927302316146971,1.9708673741976763,0.6624661646501764,,
