Switch_Method,Switches_per_Subj_mean,Switches_per_Subj_SD,Model,Beta_Frequency_mean,Beta_Frequency_std,Beta_Semantic_mean,Beta_Semantic_std,Beta_Phonological_mean,Beta_Phonological_std
simdrop,5.416666666666667,1.9688547150282292,forage_dynamic,8.728405642790822,1.278440886497781,2.441560423844046,0.5209168181633446,,
simdrop,5.416666666666667,1.9688547150282292,forage_phonologicaldynamicglobal,8.83946731439953,1.383210176443625,2.618451226608521,0.7405507391098551,-0.03871614425152901,0.09178254201416773
simdrop,5.416666666666667,1.9688547150282292,forage_phonologicaldynamiclocal,8.853206606152606,1.360540710274798,2.705331989107213,0.8892105361931205,-0.05657310042076238,0.11310546126306778
simdrop,5.416666666666667,1.9688547150282292,forage_phonologicaldynamicswitch,8.757551920689902,1.2800997344571423,2.442258084215985,0.5200605258822066,-0.1605035364337658,0.6260545529035334
none,,,forage_phonologicalstatic,9.000008875342065,1.3879308498391092,1.906089467721347,0.721190680354268,-0.02674075196130039,0.08488050902177141
none,,,forage_static,8.907176785729057,1.2933939139808974,1.8055946072200877,0.5608967517724075,,
