Switch_Method,Switches_per_Subj_mean,Switches_per_Subj_SD,Model,Beta_Frequency_mean,Beta_Frequency_std,Beta_Semantic_mean,Beta_Semantic_std,Beta_Phonological_mean,Beta_Phonological_std
simdrop,5.133333333333334,1.8660713336371206,forage_dynamic,8.352088223883667,1.4643813087387525,4.25071167018997,1.3158890282004438,,
simdrop,5.133333333333334,1.8660713336371206,forage_phonologicaldynamicglobal,8.398475261649534,1.5251865994941263,4.390426954173691,1.6280754637411121,-0.019209928034148,0.08598221569565247
simdrop,5.133333333333334,1.8660713336371206,forage_phonologicaldynamiclocal,8.394547491189607,1.5129396571262792,4.420013232578614,1.6823959995319562,-0.055662227766486154,0.33747357338088463
simdrop,5.133333333333334,1.8660713336371206,forage_phonologicaldynamicswitch,8.376546025179055,1.4899028331405915,4.251014605891631,1.3156730575389364,-0.1762612962351957,0.6502172809523885
none,,,forage_phonologicalstatic,8.533756173421297,1.5451004230726029,2.730300687947818,1.3473662284371617,-0.006650090930961959,0.07861005469327811
none,,,forage_static,8.50513213257652,1.500350263554338,2.6801877046185227,1.1997420978432223,,
