Switch_Method,Switches_per_Subj_mean,Switches_per_Subj_SD,Model,Beta_Frequency_mean,Beta_Frequency_std,Beta_Semantic_mean,Beta_Semantic_std,Beta_Phonological_mean,Beta_Phonological_std
simdrop,5.083333333333333,1.8999268991785507,forage_dynamic,8.334657497668923,1.448858188532376,4.344538402259827,1.3080897598839312,,
simdrop,5.083333333333333,1.8999268991785507,forage_phonologicaldynamicglobal,8.379905308669624,1.50889101312978,4.502589956667938,1.6441277672675614,-0.021171242318331916,0.0866197971316513
simdrop,5.083333333333333,1.8999268991785507,forage_phonologicaldynamiclocal,8.374900961446063,1.4939462140595612,4.5482125290795326,1.7276754162831673,-0.06063101136421288,0.34490431264745613
simdrop,5.083333333333333,1.8999268991785507,forage_phonologicaldynamicswitch,8.358081665670156,1.4730026911092444,4.34463538717119,1.3078083713932038,-0.20535342644868196,0.7227694358231067
none,,,forage_phonologicalstatic,8.53872318715446,1.5348021319491756,2.8636978134168944,1.3625562745001611,-0.008147705031136357,0.07882577967874983
none,,,forage_static,8.510128465438147,1.4909198703706832,2.806012763334087,1.198132876383725,,
