Switch_Method,Switches_per_Subj_mean,Switches_per_Subj_SD,Model,Beta_Frequency_mean,Beta_Frequency_std,Beta_Semantic_mean,Beta_Semantic_std,Beta_Phonological_mean,Beta_Phonological_std
simdrop,5.5,1.9958289839896939,forage_dynamic,8.918530719939161,1.2792684576428281,2.689965408399249,0.6820658869194823,,
simdrop,5.5,1.9958289839896939,forage_phonologicaldynamicglobal,9.015020891674526,1.3829658021196503,2.8301211311814116,0.8857334486220979,-0.028333995715508473,0.08477099169116681
simdrop,5.5,1.9958289839896939,forage_phonologicaldynamiclocal,9.009102069048849,1.3703477656197514,2.8698436628719066,0.9835226014618065,-0.03358209930267283,0.10274896956425915
simdrop,5.5,1.9958289839896939,forage_phonologicaldynamicswitch,8.952686671341633,1.2781237842224367,2.6917586892793968,0.680473922205148,-0.27577630405461817,0.7559565138860135
none,,,forage_phonologicalstatic,9.16205661667025,1.383870870342732,1.9571294611599563,0.8107326134712888,-0.01669279644004775,0.08044366855211801
none,,,forage_static,9.09236571473648,1.2892041236044331,1.8891540554710613,0.6809649827009561,,
