Switch_Method,Switches_per_Subj_mean,Switches_per_Subj_SD,Model,Beta_Frequency_mean,Beta_Frequency_std,Beta_Semantic_mean,Beta_Semantic_std,Beta_Phonological_mean,Beta_Phonological_std
simdrop,5.55,1.9784252997438814,forage_dynamic,8.92129539638562,1.28298332671422,2.681939220665465,0.6899794501360957,,
simdrop,5.55,1.9784252997438814,forage_phonologicaldynamicglobal,9.017282227493185,1.3863150858162498,2.819673386556965,0.8906530422606944,-0.02784176040517831,0.08460505919668322
simdrop,5.55,1.9784252997438814,forage_phonologicaldynamiclocal,9.011242507273256,1.373666262518492,2.859652235748881,0.9831542181519893,-0.03406440003815387,0.10218305678055525
simdrop,5.55,1.9784252997438814,forage_phonologicaldynamicswitch,8.95318310015469,1.2838396691558527,2.6836655874319386,0.6884586579614208,-0.270127810889025,0.7485504729017455
none,,,forage_phonologicalstatic,9.166266315657516,1.3848729277729532,1.945648527774271,0.8110963785568402,-0.016273926461135426,0.08033497499044112
none,,,forage_static,9.097569617258086,1.2898767103625832,1.8793347895650252,0.6829922675455742,,
