Switch_Method,Switches_per_Subj_mean,Switches_per_Subj_SD,Model,Beta_Frequency_mean,Beta_Frequency_std,Beta_Semantic_mean,Beta_Semantic_std,Beta_Phonological_mean,Beta_Phonological_std
simdrop,5.183333333333334,1.8840706521312363,forage_dynamic,8.382005606548846,1.4314903529545047,4.373121419709902,1.3094297327501276,,
simdrop,5.183333333333334,1.8840706521312363,forage_phonologicaldynamicglobal,8.415242703840015,1.4714016990734027,4.536860638938759,1.6618461818622212,-0.020418171692484024,0.08451449732998689
simdrop,5.183333333333334,1.8840706521312363,forage_phonologicaldynamiclocal,8.405230004246068,1.4717343488158876,4.568045307002366,1.689164095057673,-0.024611977727485683,0.09379607686281981
simdrop,5.183333333333334,1.8840706521312363,forage_phonologicaldynamicswitch,8.400181375517361,1.4278544713090622,4.3732496720763345,1.3091544461243965,-0.18393278807028693,0.6741713330780775
none,,,forage_phonologicalstatic,8.59188054904075,1.4956793393748706,3.0001374508891225,1.369551395083197,-0.0089302028612044,0.07802288335951266
none,,,forage_static,8.565302822717523,1.4542379564911059,2.937797644640465,1.1910595717126706,,
