Switch_Method,Switches_per_Subj_mean,Switches_per_Subj_SD,Model,Beta_Frequency_mean,Beta_Frequency_std,Beta_Semantic_mean,Beta_Semantic_std,Beta_Phonological_mean,Beta_Phonological_std
simdrop,5.366666666666666,1.8070848224573066,forage_dynamic,8.49925203603538,1.339260038673879,3.402077592151518,0.8669467551699606,,
simdrop,5.366666666666666,1.8070848224573066,forage_phonologicaldynamicglobal,8.565487369838966,1.3997143442685323,3.5867711081365523,1.1472709054481693,-0.03069876829892398,0.08604870962602114
simdrop,5.366666666666666,1.8070848224573066,forage_phonologicaldynamiclocal,8.557274833947037,1.406470152077947,3.6262436815607093,1.2292976337684924,-0.035380600526536146,0.09941430256440696
simdrop,5.366666666666666,1.8070848224573066,forage_phonologicaldynamicswitch,8.515247254411936,1.3363585042496386,3.402578829570694,0.8664995174989921,-0.26866248132331894,0.7576853310786281
none,,,forage_phonologicalstatic,8.734107022366269,1.4719996461648504,2.451439682863892,1.026957203420573,-0.017979025659706372,0.08027123424023666
none,,,forage_static,8.678526001832076,1.4086592553712323,2.3685652334025447,0.8530704521459759,,
