Switch_Method,Switches_per_Subj_mean,Switches_per_Subj_SD,Model,Beta_Frequency_mean,Beta_Frequency_std,Beta_Semantic_mean,Beta_Semantic_std,Beta_Phonological_mean,Beta_Phonological_std
simdrop,5.55,1.909842925478428,forage_dynamic,8.509434172163878,1.3209288975574323,2.397356216721369,0.47846167397460015,,
simdrop,5.55,1.909842925478428,forage_phonologicaldynamicglobal,8.602862127203029,1.4085448050919829,2.565713281807432,0.6602002701777623,-0.03863270941750436,0.08756748623523858
simdrop,5.55,1.909842925478428,forage_phonologicaldynamiclocal,8.626111209622996,1.395279543183193,2.667794620899262,0.7554641652894968,-0.0631916146668578,0.10755427026909231
simdrop,5.55,1.909842925478428,forage_phonologicaldynamicswitch,8.522826607293965,1.3176092629424427,2.3976705993342766,0.47810634124625306,-0.12507902880291208,0.6176785076082976
none,,,forage_phonologicalstatic,8.703545456283758,1.4465465479945867,1.7110475609081492,0.7077440504077009,-0.022991958481489556,0.0809302445050686
none,,,forage_static,8.633624832120388,1.3644074578852512,1.6345934697767457,0.5834702468998596,,
