Switch_Method,Switches_per_Subj_mean,Switches_per_Subj_SD,Model,Beta_Frequency_mean,Beta_Frequency_std,Beta_Semantic_mean,Beta_Semantic_std,Beta_Phonological_mean,Beta_Phonological_std
simdrop,5.333333333333333,1.8589124658131582,forage_dynamic,8.476487095041707,1.4173418464407959,4.196766237892198,1.3426671991573462,,
simdrop,5.333333333333333,1.8589124658131582,forage_phonologicaldynamicglobal,8.511115346857832,1.4601993589562285,4.337545402713863,1.6698085497619435,-0.016342676563366316,0.08184395512652046
simdrop,5.333333333333333,1.8589124658131582,forage_phonologicaldynamiclocal,8.500882478724904,1.460508676696045,4.36857378400679,1.6844182318386605,-0.01991527429056119,0.08834925026937221
simdrop,5.333333333333333,1.8589124658131582,forage_phonologicaldynamicswitch,8.494853252280121,1.4140533728207656,4.197063485291032,1.3423416783552837,-0.14458103176977444,0.6048004317397337
none,,,forage_phonologicalstatic,8.668098429865093,1.4777944570552344,2.8078962018650864,1.3494664069055349,-0.0055131054335998955,0.07644692213693635
none,,,forage_static,8.644905124543897,1.43507484060103,2.7623416942399595,1.1965787640848893,,
