Switch_Method,Switches_per_Subj_mean,Switches_per_Subj_SD,Model,Beta_Frequency_mean,Beta_Frequency_std,Beta_Semantic_mean,Beta_Semantic_std,Beta_Phonological_mean,Beta_Phonological_std
simdrop,5.483333333333333,1.9364199498616572,forage_dynamic,8.475663159614466,1.302100224841775,2.6635263366312385,0.6008054463591799,,
simdrop,5.483333333333333,1.9364199498616572,forage_phonologicaldynamicglobal,8.563640294492368,1.3774235688335952,2.8417231025111813,0.8410388851693542,-0.03635093019427456,0.08911505616138041
simdrop,5.483333333333333,1.9364199498616572,forage_phonologicaldynamiclocal,8.562808819510401,1.359382387480621,2.9384187360241727,1.0295477624032814,-0.051461455431613776,0.11001847631420159
simdrop,5.483333333333333,1.9364199498616572,forage_phonologicaldynamicswitch,8.500559259418413,1.3143455190630269,2.6639121639831824,0.6001519865911839,-0.11213739863440587,0.5249388821066264
none,,,forage_phonologicalstatic,8.70111371321052,1.4516190939378428,1.9006639365451217,0.7922248078358394,-0.020799631888195218,0.07962102137992039
none,,,forage_static,8.636613592480552,1.3783086163903953,1.8256079223055524,0.6692615560207225,,
