Switch_Method,Switches_per_Subj_mean,Switches_per_Subj_SD,Model,Beta_Frequency_mean,Beta_Frequency_std,Beta_Semantic_mean,Beta_Semantic_std,Beta_Phonological_mean,Beta_Phonological_std
simdrop,5.066666666666666,1.8427033281447005,forage_dynamic,8.351017481494079,1.4588285963695709,4.302390635156521,1.295608266463114,,
simdrop,5.066666666666666,1.8427033281447005,forage_phonologicaldynamicglobal,8.397119006444344,1.5192906065511713,4.450475713795324,1.620720928434329,-0.02032541605026802,0.08623832832724503
simdrop,5.066666666666666,1.8427033281447005,forage_phonologicaldynamiclocal,8.392155764074769,1.507070724345676,4.488690323292287,1.6919168112816523,-0.06137552033133338,0.3631440222522092
simdrop,5.066666666666666,1.8427033281447005,forage_phonologicaldynamicswitch,8.374797363599304,1.4830274494533546,4.3026304553206325,1.295281664740769,-0.17122769092195564,0.6616864166179091
none,,,forage_phonologicalstatic,8.535607391900612,1.5411777520546153,2.7849011980758167,1.3540458872294079,-0.0072622678878605535,0.07871003117456482
none,,,forage_static,8.506960673851426,1.4967358846435022,2.731749764242598,1.1995560453295075,,
