Switch_Method,Switches_per_Subj_mean,Switches_per_Subj_SD,Model,Beta_Frequency_mean,Beta_Frequency_std,Beta_Semantic_mean,Beta_Semantic_std,Beta_Phonological_mean,Beta_Phonological_std
simdrop,5.35,1.887017046381228,forage_dynamic,8.419864419828535,1.3549923699925213,3.280422858041654,0.8702790370803996,,
simdrop,5.35,1.887017046381228,forage_phonologicaldynamicglobal,8.491450329169961,1.4234891860444545,3.4507779035815345,1.1349823217581183,-0.02961398174152469,0.08564755629503652
simdrop,5.35,1.887017046381228,forage_phonologicaldynamiclocal,8.479734872859174,1.4262818556761665,3.483740134424507,1.1779079531740537,-0.033396182069265305,0.09526109798910627
simdrop,5.35,1.887017046381228,forage_phonologicaldynamicswitch,8.433373471762375,1.3608498390051498,3.2806442597908796,0.8700399974491284,-0.22661664371680962,0.7006554469402071
none,,,forage_phonologicalstatic,8.62316610832708,1.491520435836508,2.23201724350018,1.0220563432787149,-0.01494908114099384,0.07915544550928119
none,,,forage_static,8.573503629012416,1.431482695285123,2.1670111623242105,0.8662640304738072,,
