Switch_Method,Switches_per_Subj_mean,Switches_per_Subj_SD,Model,Beta_Frequency_mean,Beta_Frequency_std,Beta_Semantic_mean,Beta_Semantic_std,Beta_Phonological_mean,Beta_Phonological_std
simdrop,5.366666666666666,1.8070848224573066,forage_dynamic,8.499252438361,1.3392605725674076,3.4020775411745157,0.8669470315693811,,
simdrop,5.366666666666666,1.8070848224573066,forage_phonologicaldynamicglobal,8.565489417169227,1.3997132013244373,3.5867717226684386,1.1472701541544053,-0.030698787339235027,0.0860487109424472
simdrop,5.366666666666666,1.8070848224573066,forage_phonologicaldynamiclocal,8.557275376493386,1.4064711474031169,3.626243910242797,1.2292974898493985,-0.03538061363273049,0.09941432638110517
simdrop,5.366666666666666,1.8070848224573066,forage_phonologicaldynamicswitch,8.515250228232208,1.3363532913891845,3.402579868500557,0.8664999411678703,-0.2586020115111564,0.7276006247530779
none,,,forage_phonologicalstatic,8.734106294923816,1.471999686888967,2.451439370999897,1.0269573063513717,-0.017979027102204292,0.08027124087875771
none,,,forage_static,8.678526275375592,1.4086581800897688,2.368565282428865,0.8530698123019748,,
