Switch_Method,Switches_per_Subj_mean,Switches_per_Subj_SD,Model,Beta_Frequency_mean,Beta_Frequency_std,Beta_Semantic_mean,Beta_Semantic_std,Beta_Phonological_mean,Beta_Phonological_std
simdrop,5.083333333333333,1.873425264648212,forage_dynamic,8.35545259938391,1.4626358073091632,4.262303437677205,1.3069713933604623,,
simdrop,5.083333333333333,1.873425264648212,forage_phonologicaldynamicglobal,8.40200727931814,1.523138087676554,4.4050948193903725,1.6233148703295281,-0.019606441624113024,0.08613611769431219
simdrop,5.083333333333333,1.873425264648212,forage_phonologicaldynamiclocal,8.397933524321507,1.5112203568467006,4.440313939932415,1.6864742357013502,-0.057719320091697106,0.343758859055468
simdrop,5.083333333333333,1.873425264648212,forage_phonologicaldynamicswitch,8.378998708834036,1.487120133804627,4.262621875366677,1.3066672926086993,-0.17186742117041,0.6642125710069158
none,,,forage_phonologicalstatic,8.534149329388834,1.5442850371505328,2.741996768115073,1.3488481431880484,-0.006780846183646209,0.07863245714575279
none,,,forage_static,8.505515559146042,1.4995960747362334,2.6912420879023835,1.1997573624706337,,
