Switch_Method,Switches_per_Subj_mean,Switches_per_Subj_SD,Model,Beta_Frequency_mean,Beta_Frequency_std,Beta_Semantic_mean,Beta_Semantic_std,Beta_Phonological_mean,Beta_Phonological_std
simdrop,5.133333333333334,1.9362047641943474,forage_dynamic,8.342035007111862,1.4217040736527533,4.39168862052984,1.3066568737104032,,
simdrop,5.133333333333334,1.9362047641943474,forage_phonologicaldynamicglobal,8.377049225181198,1.4737069549927058,4.557641835347964,1.6564980324859206,-0.021845213529021752,0.08568495061769905
simdrop,5.133333333333334,1.9362047641943474,forage_phonologicaldynamiclocal,8.3661839675159,1.4583767379338146,4.594153965324765,1.7162630423217695,-0.025437392919829886,0.09636594239957212
simdrop,5.133333333333334,1.9362047641943474,forage_phonologicaldynamicswitch,8.361687824474762,1.4251309460029338,4.391945894772038,1.30594533013605,-0.17438158521085395,0.6560738797009033
none,,,forage_phonologicalstatic,8.562280156151939,1.5105436384268742,3.0160133816065997,1.373228919046911,-0.009598840509816178,0.07862007953979491
none,,,forage_static,8.534623458859949,1.4686111088295561,2.9503638629525435,1.1909285409927093,,
