Switch_Method,Switches_per_Subj_mean,Switches_per_Subj_SD,Model,Beta_Frequency_mean,Beta_Frequency_std,Beta_Semantic_mean,Beta_Semantic_std,Beta_Phonological_mean,Beta_Phonological_std
simdrop,5.283333333333333,1.8716451468041573,forage_dynamic,8.414251216792096,1.4256203664517926,4.311276899314158,1.3160802130353344,,
simdrop,5.283333333333333,1.8716451468041573,forage_phonologicaldynamicglobal,8.447542815430502,1.466545909604098,4.465920542365564,1.6626868841605522,-0.018665093212115815,0.08351379452202294
simdrop,5.283333333333333,1.8716451468041573,forage_phonologicaldynamiclocal,8.435219376027467,1.469708288547404,4.4881088329044285,1.6812426799000997,-0.020306407445919907,0.0921290780911039
simdrop,5.283333333333333,1.8716451468041573,forage_phonologicaldynamicswitch,8.43314509509567,1.4215512156151027,4.311491678489429,1.315810134817094,-0.1484663817971517,0.6024446735620431
none,,,forage_phonologicalstatic,8.625627800053016,1.484827304025311,2.931735986082608,1.3623912995305762,-0.007588660855874226,0.07731945253277796
none,,,forage_static,8.60038353999269,1.443103496147511,2.8761454780397395,1.1937781749497578,,
