Switch_Method,Switches_per_Subj_mean,Switches_per_Subj_SD,Model,Beta_Frequency_mean,Beta_Frequency_std,Beta_Semantic_mean,Beta_Semantic_std,Beta_Phonological_mean,Beta_Phonological_std
simdrop,5.5,1.9958289839896939,forage_dynamic,8.918531703392128,1.279267228722779,2.689965223956763,0.682066015989975,,
simdrop,5.5,1.9958289839896939,forage_phonologicaldynamicglobal,9.015022558108019,1.3829652643032593,2.8301214488115654,0.8857334185734471,-0.02833400612844993,0.08477100225078851
simdrop,5.5,1.9958289839896939,forage_phonologicaldynamiclocal,9.009102077249844,1.3703479784110801,2.869843431238263,0.983522364850509,-0.03358209375944321,0.10274897548779069
simdrop,5.5,1.9958289839896939,forage_phonologicaldynamicswitch,8.952689567992337,1.2781241918037798,2.6917579021084888,0.6804738215916071,-0.28535642821179685,0.7828929963443125
none,,,forage_phonologicalstatic,9.162057575342875,1.3838721493927886,1.9571296022333178,0.810732712168098,-0.016692798118706848,0.08044367214361742
none,,,forage_static,9.09236612551189,1.2892035205365242,1.8891539425374764,0.6809650973100214,,
