Switch_Method,Switches_per_Subj_mean,Switches_per_Subj_SD,Model,Beta_Frequency_mean,Beta_Frequency_std,Beta_Semantic_mean,Beta_Semantic_std,Beta_Phonological_mean,Beta_Phonological_std
simdrop,5.366666666666666,1.9490738541391623,forage_dynamic,8.651009949876897,1.3522459627336922,3.501244662988328,0.8970489620559359,,
simdrop,5.366666666666666,1.9490738541391623,forage_phonologicaldynamicglobal,8.717954921064793,1.4164999482643654,3.686433701601653,1.1767167988013807,-0.029751134623192184,0.08585523169056132
simdrop,5.366666666666666,1.9490738541391623,forage_phonologicaldynamiclocal,8.705316886005676,1.4068541229850677,3.718396956466194,1.2324315663886822,-0.033356058224725434,0.09088962165869093
simdrop,5.366666666666666,1.9490738541391623,forage_phonologicaldynamicswitch,8.67713036046378,1.3505535870787555,3.502229975467231,0.8957999869147022,-0.25823202272700957,0.743102950744885
none,,,forage_phonologicalstatic,8.87745712448427,1.4423562764731188,2.529613763790634,1.0288536978261529,-0.017109232104456935,0.08018662888950916
none,,,forage_static,8.823127930087532,1.3772307394520311,2.4464993595302107,0.862251286383788,,
