Switch_Method,Switches_per_Subj_mean,Switches_per_Subj_SD,Model,Beta_Frequency_mean,Beta_Frequency_std,Beta_Semantic_mean,Beta_Semantic_std,Beta_Phonological_mean,Beta_Phonological_std
simdrop,5.433333333333334,2.0278614899006837,forage_dynamic,8.777379247157958,1.3015749137171653,2.800199846943351,0.6341445249548995,,
simdrop,5.433333333333334,2.0278614899006837,forage_phonologicaldynamicglobal,8.883187559087252,1.3954388800321875,2.9821275274086307,0.8614699912852282,-0.03618309257436641,0.08858899877241919
simdrop,5.433333333333334,2.0278614899006837,forage_phonologicaldynamiclocal,8.88325607743912,1.3885818619610468,3.0465925972750663,1.0550776420649413,-0.044311672894416176,0.11411626561301834
simdrop,5.433333333333334,2.0278614899006837,forage_phonologicaldynamicswitch,8.811131129712724,1.3003211396903926,2.8011603288854316,0.6329037799357896,-0.2635544060085262,0.7529721240628289
none,,,forage_phonologicalstatic,9.033218388185206,1.3931020945643227,2.104492224138664,0.8021705673559495,-0.023324617040409713,0.08192791778042449
none,,,forage_static,8.950224160875955,1.3058464867506456,2.0100105509063573,0.6504499225276553,,
