Switch_Method,Switches_per_Subj_mean,Switches_per_Subj_SD,Model,Beta_Frequency_mean,Beta_Frequency_std,Beta_Semantic_mean,Beta_Semantic_std,Beta_Phonological_mean,Beta_Phonological_std
simdrop,5.133333333333334,1.8660713336371206,forage_dynamic,8.352086086574861,1.4643824841412643,4.2507128263137055,1.3158897496991628,,
simdrop,5.133333333333334,1.8660713336371206,forage_phonologicaldynamicglobal,8.398474705874827,1.5251860604513379,4.39042802096949,1.6280766190207574,-0.01920994495421716,0.08598222791510689
simdrop,5.133333333333334,1.8660713336371206,forage_phonologicaldynamiclocal,8.39454702299269,1.5129390925268669,4.4200133130538735,1.6823958607783762,-0.057129032241474656,0.3485187102578832
simdrop,5.133333333333334,1.8660713336371206,forage_phonologicaldynamicswitch,8.37654375346092,1.489907105860776,4.251014129727358,1.3156744183048021,-0.18177517398239204,0.6687164448665268
none,,,forage_phonologicalstatic,8.53375605094361,1.5451043628233412,2.730300691759235,1.347366220111488,-0.006650104524180126,0.07861007763653458
none,,,forage_static,8.505130653848878,1.5003519328981785,2.6801881543366024,1.1997426366411756,,
