Switch_Method,Switches_per_Subj_mean,Switches_per_Subj_SD,Model,Beta_Frequency_mean,Beta_Frequency_std,Beta_Semantic_mean,Beta_Semantic_std,Beta_Phonological_mean,Beta_Phonological_std
simdrop,5.35,1.8423264278261513,forage_dynamic,8.81282850569096,1.3243386553555918,3.4024174607688047,0.997389721457226,,
simdrop,5.35,1.8423264278261513,forage_phonologicaldynamicglobal,8.875188441456713,1.3937724796540014,3.5514565000831513,1.240648790859109,-0.02348284457892202,0.08312290077250215
simdrop,5.35,1.8423264278261513,forage_phonologicaldynamiclocal,8.862647210064775,1.3845060392895567,3.575989931623373,1.2821361228279309,-0.025358770756027053,0.08964036669765399
simdrop,5.35,1.8423264278261513,forage_phonologicaldynamicswitch,8.843105322231542,1.332182778486539,3.4036576016996163,0.995768048205952,-0.30382865246253704,0.8302013053331707
none,,,forage_phonologicalstatic,8.992171751085033,1.4333846041767597,2.3678974837042164,1.0394086626792673,-0.011342831124434679,0.07855317645298189
none,,,forage_static,8.948425303770582,1.3656311938332497,2.308781132654597,0.9053726240157701,,
