Switch_Method,Switches_per_Subj_mean,Switches_per_Subj_SD,Model,Beta_Frequency_mean,Beta_Frequency_std,Beta_Semantic_mean,Beta_Semantic_std,Beta_Phonological_mean,Beta_Phonological_std
simdrop,5.516666666666667,1.9016805433323678,forage_dynamic,8.527352352741568,1.3162112568154942,2.4033248983411153,0.49500432365754227,,
simdrop,5.516666666666667,1.9016805433323678,forage_phonologicaldynamicglobal,8.622448168749028,1.4052649979725764,2.5737626835462266,0.6794337489365605,-0.03893626892321802,0.08806674838058394
simdrop,5.516666666666667,1.9016805433323678,forage_phonologicaldynamiclocal,8.646669616627623,1.391683940778623,2.678169545098881,0.7815293457901642,-0.06391542604836589,0.10865541176100439
simdrop,5.516666666666667,1.9016805433323678,forage_phonologicaldynamicswitch,8.54082114167327,1.3126939987604753,2.403636915428701,0.4946667133528667,-0.11583365159447795,0.585550412887625
none,,,forage_phonologicalstatic,8.733470587259506,1.4386693566817033,1.7426410708753424,0.7011518251670049,-0.0237181361993692,0.0813661413179781
none,,,forage_static,8.6608529389341,1.3554259428239266,1.6626973673428707,0.5709517345974774,,
