Switch_Method,Switches_per_Subj_mean,Switches_per_Subj_SD,Model,Beta_Frequency_mean,Beta_Frequency_std,Beta_Semantic_mean,Beta_Semantic_std,Beta_Phonological_mean,Beta_Phonological_std
simdrop,5.35,1.8958287545732253,forage_dynamic,8.422037049585544,1.3535394654464696,3.2823206814011434,0.8694215926398164,,
simdrop,5.35,1.8958287545732253,forage_phonologicaldynamicglobal,8.493481398574598,1.4221318351416126,3.453038365000378,1.1346540745688147,-0.029650489763229933,0.08570382520971861
simdrop,5.35,1.8958287545732253,forage_phonologicaldynamiclocal,8.481572741150003,1.4246480201456706,3.485632486057582,1.1766555442872038,-0.033371607898457216,0.09518141150088939
simdrop,5.35,1.8958287545732253,forage_phonologicaldynamicswitch,8.436036152475332,1.3592838827472726,3.2825647376061453,0.8692063331479246,-0.22670961175676443,0.7017983917633595
none,,,forage_phonologicalstatic,8.627617546946166,1.4908494100564116,2.2426672899970397,1.0224239136962248,-0.015109786409698048,0.07921137527412705
none,,,forage_static,8.57764461098517,1.4306305834268402,2.176802870790036,0.8655939939245635,,
