Switch_Method,Switches_per_Subj_mean,Switches_per_Subj_SD,Model,Beta_Frequency_mean,Beta_Frequency_std,Beta_Semantic_mean,Beta_Semantic_std,Beta_Phonological_mean,Beta_Phonological_std
simdrop,5.35,1.887017046381228,forage_dynamic,8.419863981065156,1.3549925208696931,3.2804228958608346,0.8702784447957124,,
simdrop,5.35,1.887017046381228,forage_phonologicaldynamicglobal,8.491449907180428,1.4234892237509948,3.4507779049723264,1.1349822484000693,-0.029613991312868335,0.0856475540961201
simdrop,5.35,1.887017046381228,forage_phonologicaldynamiclocal,8.479735361076168,1.4262828404197099,3.4837404796894504,1.1779084294729705,-0.03339620036171606,0.0952611736689534
simdrop,5.35,1.887017046381228,forage_phonologicaldynamicswitch,8.433374583467018,1.3608501971816342,3.2806444756889968,0.8700399444675753,-0.21936352035404857,0.6839819253008322
none,,,forage_phonologicalstatic,8.62316510055689,1.4915207966178943,2.2320172696535208,1.0220561042759053,-0.01494907673935892,0.07915543397849434
none,,,forage_static,8.573503956331031,1.4314827352940613,2.167011471877414,0.8662640053177562,,
