Switch_Method,Switches_per_Subj_mean,Switches_per_Subj_SD,Model,Beta_Frequency_mean,Beta_Frequency_std,Beta_Semantic_mean,Beta_Semantic_std,Beta_Phonological_mean,Beta_Phonological_std
simdrop,5.4,1.8814887722226779,forage_dynamic,8.946081817092256,1.2444567550104269,2.4076003830910806,0.5663678786658713,,
simdrop,5.4,1.8814887722226779,forage_phonologicaldynamicglobal,9.057849942316277,1.3556529812546856,2.5589479845019145,0.7760448790965753,-0.03304950743664427,0.09029859131167821
simdrop,5.4,1.8814887722226779,forage_phonologicaldynamiclocal,9.086230809104539,1.3574679235473546,2.6582664900691655,0.9509213518570654,-0.052160265018582196,0.1158802418124277
simdrop,5.4,1.8814887722226779,forage_phonologicaldynamicswitch,8.973024055581801,1.2372667427089954,2.4086784540504214,0.5654254742792317,-0.15361416259027771,0.5981924324788328
none,,,forage_phonologicalstatic,9.207192008024828,1.3609549358456363,1.85135810417845,0.7530206709029583,-0.022104619106265534,0.08493110239020038
none,,,forage_static,9.116712312163413,1.2540555972422605,1.7644351398879488,0.6006936833184781,,
