Switch_Method,Switches_per_Subj_mean,Switches_per_Subj_SD,Model,Beta_Frequency_mean,Beta_Frequency_std,Beta_Semantic_mean,Beta_Semantic_std,Beta_Phonological_mean,Beta_Phonological_std
simdrop,5.283333333333333,1.8716451468041573,forage_dynamic,8.414247766895048,1.425619919496604,4.311276654870763,1.3160819341433203,,
simdrop,5.283333333333333,1.8716451468041573,forage_phonologicaldynamicglobal,8.44754280718203,1.4665435114041647,4.465920087468658,1.6626852168405886,-0.018665078445987873,0.08351377188944599
simdrop,5.283333333333333,1.8716451468041573,forage_phonologicaldynamiclocal,8.435218214197652,1.4697070613155885,4.488109218768435,1.681243509528703,-0.02030642393711395,0.09212906789604641
simdrop,5.283333333333333,1.8716451468041573,forage_phonologicaldynamicswitch,8.433144166409797,1.4215510909888924,4.311491384382992,1.3158108656863872,-0.17065547558440605,0.6882858107439817
none,,,forage_phonologicalstatic,8.62562651218597,1.4848258690208553,2.9317355651324664,1.3623916033191312,-0.007588646813919502,0.07731944815916297
none,,,forage_static,8.600383071803806,1.4431073292959382,2.876145769130177,1.1937773145643507,,
