Switch_Method,Switches_per_Subj_mean,Switches_per_Subj_SD,Model,Beta_Frequency_mean,Beta_Frequency_std,Beta_Semantic_mean,Beta_Semantic_std,Beta_Phonological_mean,Beta_Phonological_std
simdrop,5.333333333333333,1.8589124658131582,forage_dynamic,8.476485711171073,1.4173408572400592,4.196766402121841,1.342666997825536,,
simdrop,5.333333333333333,1.8589124658131582,forage_phonologicaldynamicglobal,8.511116930062835,1.4602024332957892,4.337544459839892,1.6698070353701757,-0.01634267016473275,0.08184391406552868
simdrop,5.333333333333333,1.8589124658131582,forage_phonologicaldynamiclocal,8.500880954350645,1.4605093106971294,4.368573235492481,1.6844180276093703,-0.01991525276503132,0.08834924554460677
simdrop,5.333333333333333,1.8589124658131582,forage_phonologicaldynamicswitch,8.49485714524281,1.4140474307519522,4.197066311141644,1.3423422856635239,-0.14049688142682268,0.5904237543065407
none,,,forage_phonologicalstatic,8.66809914915775,1.4777944185444238,2.807896066077259,1.3494662904487442,-0.0055131053616980785,0.0764469151130696
none,,,forage_static,8.644902363670894,1.4350733396934225,2.762341871432217,1.1965793007747803,,
