Switch_Method,Switches_per_Subj_mean,Switches_per_Subj_SD,Model,Beta_Frequency_mean,Beta_Frequency_std,Beta_Semantic_mean,Beta_Semantic_std,Beta_Phonological_mean,Beta_Phonological_std
simdrop,5.483333333333333,1.9104246183040625,forage_dynamic,8.566938052626927,1.3052513160375567,2.4241547118391846,0.49975882917319914,,
simdrop,5.483333333333333,1.9104246183040625,forage_phonologicaldynamicglobal,8.666109038595843,1.3983521334134081,2.5998616235465146,0.6936861093376427,-0.039617271669765565,0.08910097409931744
simdrop,5.483333333333333,1.9104246183040625,forage_phonologicaldynamiclocal,8.69206588090313,1.3865148545945847,2.707415931120669,0.8061259940415999,-0.06482086994950235,0.11065431071322411
simdrop,5.483333333333333,1.9104246183040625,forage_phonologicaldynamicswitch,8.58633063518482,1.299564154538859,2.4245407765314906,0.49935603545119156,-0.11464047095569288,0.5949034686224987
none,,,forage_phonologicalstatic,8.791795724702887,1.4262158224125012,1.79682035861342,0.6999656011341588,-0.02499970997005433,0.08228100548626406
none,,,forage_static,8.713681766693943,1.3406244114610484,1.7100343013075512,0.5601172496087795,,
