Switch_Method,Switches_per_Subj_mean,Switches_per_Subj_SD,Model,Beta_Frequency_mean,Beta_Frequency_std,Beta_Semantic_mean,Beta_Semantic_std,Beta_Phonological_mean,Beta_Phonological_std
simdrop,5.483333333333333,1.9364199498616572,forage_dynamic,8.46897126152198,1.3057661890742978,2.6611857764697655,0.6011842851802565,,
simdrop,5.483333333333333,1.9364199498616572,forage_phonologicaldynamicglobal,8.557031852025515,1.380227065777512,2.839006341501474,0.8402428052983206,-0.036358652306836874,0.08903456243974883
simdrop,5.483333333333333,1.9364199498616572,forage_phonologicaldynamiclocal,8.554471650121961,1.3636871610363281,2.9328866511077645,1.0274913751608403,-0.05075868513916459,0.10986739824202828
simdrop,5.483333333333333,1.9364199498616572,forage_phonologicaldynamicswitch,8.494015675607086,1.3178704416568612,2.6615688311466674,0.6005278799990909,-0.10451616940067329,0.4836518132042859
none,,,forage_phonologicalstatic,8.694933409805232,1.4528484119588914,1.8923509562928218,0.7927383569968645,-0.02061233387725952,0.0795459603617415
none,,,forage_static,8.631048814769835,1.3798206661426267,1.8182398242812134,0.6709098234405478,,
