Switch_Method,Switches_per_Subj_mean,Switches_per_Subj_SD,Model,Beta_Frequency_mean,Beta_Frequency_std,Beta_Semantic_mean,Beta_Semantic_std,Beta_Phonological_mean,Beta_Phonological_std
simdrop,5.45,1.9952025795225237,forage_dynamic,8.852185945192579,1.266105130364708,2.4488476828054746,0.5361059811473681,,
simdrop,5.45,1.9952025795225237,forage_phonologicaldynamicglobal,8.967399916718504,1.374046315162641,2.6193399330683635,0.75892639013469,-0.036592898094680464,0.09200074008995027
simdrop,5.45,1.9952025795225237,forage_phonologicaldynamiclocal,8.988386897077978,1.3606955392372548,2.7182678608629742,0.9432181318031718,-0.05564083595657422,0.11581676222749847
simdrop,5.45,1.9952025795225237,forage_phonologicaldynamicswitch,8.876814906444087,1.2609222993473403,2.4497490847505103,0.53493615973148,-0.09998060809592915,0.5011814267082834
none,,,forage_phonologicalstatic,9.117272278411907,1.369807439266908,1.9005475668017566,0.7383061071652375,-0.025102314443100893,0.08533489428779202
none,,,forage_static,9.022843381719165,1.2690496483078018,1.8036577925435142,0.5780532924658004,,
