Switch_Method,Switches_per_Subj_mean,Switches_per_Subj_SD,Model,Beta_Frequency_mean,Beta_Frequency_std,Beta_Semantic_mean,Beta_Semantic_std,Beta_Phonological_mean,Beta_Phonological_std
simdrop,5.333333333333333,1.937925580499818,forage_dynamic,9.076394833965685,1.2339800896758522,2.3457283458507727,0.6208493716428659,,
simdrop,5.333333333333333,1.937925580499818,forage_phonologicaldynamicglobal,9.182426906889626,1.3484115109086208,2.4722688697260797,0.8069184330672796,-0.02801638931430118,0.08785549461759422
simdrop,5.333333333333333,1.937925580499818,forage_phonologicaldynamiclocal,9.19438141227151,1.3486263127135933,2.5264959144084576,0.8942646036547406,-0.03810016328553245,0.09971947082964513
simdrop,5.333333333333333,1.937925580499818,forage_phonologicaldynamicswitch,9.09914490580968,1.2304197780239836,2.3468779072426593,0.6197506122512354,-0.18244740583772437,0.6489385410338242
none,,,forage_phonologicalstatic,9.285924893413174,1.3675595044091229,1.7427594511331002,0.7682873545484163,-0.017115494265246226,0.08363159411691326
none,,,forage_static,9.205896730085907,1.253367597103682,1.6733113774414987,0.6338862250011348,,
