Switch_Method,Switches_per_Subj_mean,Switches_per_Subj_SD,Model,Beta_Frequency_mean,Beta_Frequency_std,Beta_Semantic_mean,Beta_Semantic_std,Beta_Phonological_mean,Beta_Phonological_std
simdrop,5.483333333333333,1.9277937879578535,forage_dynamic,8.486997794170616,1.3039565080047957,2.6810117304469117,0.5970607785623153,,
simdrop,5.483333333333333,1.9277937879578535,forage_phonologicaldynamicglobal,8.576674721775099,1.3797031443359995,2.8632318263160172,0.8416136624496408,-0.03691217562970384,0.08943524110859896
simdrop,5.483333333333333,1.9277937879578535,forage_phonologicaldynamiclocal,8.575602696686177,1.363571017545033,2.95863677074196,1.0374978565179733,-0.05139399866631857,0.11144339395183472
simdrop,5.483333333333333,1.9277937879578535,forage_phonologicaldynamicswitch,8.511803207556207,1.3177751947429557,2.681365990872183,0.5964163680116205,-0.11595404913095377,0.531606340035448
none,,,forage_phonologicalstatic,8.72452660603485,1.4471503362167246,1.9311614028662194,0.7909288957544297,-0.0214890052253902,0.07990628201789425
none,,,forage_static,8.657698705791185,1.3727765364631783,1.8525739572739282,0.6637731733084764,,
