Switch_Method,Switches_per_Subj_mean,Switches_per_Subj_SD,Model,Beta_Frequency_mean,Beta_Frequency_std,Beta_Semantic_mean,Beta_Semantic_std,Beta_Phonological_mean,Beta_Phonological_std
simdrop,5.383333333333334,1.8716451468041573,forage_dynamic,8.721217458106098,1.330752449742753,3.490199148003467,0.931942354812438,,
simdrop,5.383333333333334,1.8716451468041573,forage_phonologicaldynamicglobal,8.78779939969797,1.3959330451466545,3.665075703407048,1.1995939035034806,-0.02759131382464779,0.08508402007210869
simdrop,5.383333333333334,1.8716451468041573,forage_phonologicaldynamiclocal,8.778127902286103,1.3873071222386748,3.701028527800585,1.2495504709678897,-0.03215327969937978,0.08987871290823751
simdrop,5.383333333333334,1.8716451468041573,forage_phonologicaldynamicswitch,8.751088381074087,1.3314685034996774,3.491442130363247,0.9306677382492622,-0.2581247487946577,0.7535700781676713
none,,,forage_phonologicalstatic,8.936201551159307,1.4332966023398308,2.480252322191613,1.0323048213714052,-0.01486662562912937,0.07955002019640826
none,,,forage_static,8.885911922223418,1.3671368596497555,2.4063736642799127,0.8787381983087155,,
