Switch_Method,Switches_per_Subj_mean,Switches_per_Subj_SD,Model,Beta_Frequency_mean,Beta_Frequency_std,Beta_Semantic_mean,Beta_Semantic_std,Beta_Phonological_mean,Beta_Phonological_std
simdrop,5.45,1.9952025795225237,forage_dynamic,8.852184516747064,1.2661063209078973,2.44884799108183,0.5361066591536169,,
simdrop,5.45,1.9952025795225237,forage_phonologicaldynamicglobal,8.967399921677712,1.3740472240686827,2.619339856248467,0.758926363193373,-0.03659289321784757,0.09200070954309861
simdrop,5.45,1.9952025795225237,forage_phonologicaldynamiclocal,8.988386499361495,1.3606939425341686,2.7182673876625927,0.9432182946062685,-0.05564081592061421,0.11581676991646227
simdrop,5.45,1.9952025795225237,forage_phonologicaldynamicswitch,8.876814932237385,1.2609261567883219,2.449748971831163,0.5349362060307641,-0.09740526650536536,0.4912100048396348
none,,,forage_phonologicalstatic,9.11727080750242,1.3698073177148244,1.9005473650275833,0.7383062984825052,-0.0251023054147515,0.08533488782532128
none,,,forage_static,9.022842838809035,1.2690489867224668,1.8036576138398033,0.5780532220049809,,
