Switch_Method,Switches_per_Subj_mean,Switches_per_Subj_SD,Model,Beta_Frequency_mean,Beta_Frequency_std,Beta_Semantic_mean,Beta_Semantic_std,Beta_Phonological_mean,Beta_Phonological_std
simdrop,5.416666666666667,1.9688547150282292,forage_dynamic,8.728407209016108,1.278440029164639,2.4415598688881692,0.5209163730598628,,
simdrop,5.416666666666667,1.9688547150282292,forage_phonologicaldynamicglobal,8.839467745243958,1.383209159910586,2.6184510625668778,0.7405502486519994,-0.03871612159994216,0.09178249849268232
simdrop,5.416666666666667,1.9688547150282292,forage_phonologicaldynamiclocal,8.853205862846771,1.3605399360664843,2.705332091834338,0.8892105114041361,-0.056573099049257294,0.11310544780582608
simdrop,5.416666666666667,1.9688547150282292,forage_phonologicaldynamicswitch,8.757549088117685,1.2800979660225014,2.4422583751715647,0.5200607647611559,-0.16232773928925937,0.632965317721279
none,,,forage_phonologicalstatic,9.000007684934298,1.387930374428999,1.9060894212845056,0.7211909082754572,-0.02674075060082983,0.08488051275837297
none,,,forage_static,8.90717658002843,1.293394516338643,1.8055947839605089,0.5608965904419035,,
