Switch_Method,Switches_per_Subj_mean,Switches_per_Subj_SD,Model,Beta_Frequency_mean,Beta_Frequency_std,Beta_Semantic_mean,Beta_Semantic_std,Beta_Phonological_mean,Beta_Phonological_std
simdrop,5.483333333333333,2.0040930339904106,forage_dynamic,8.526801233103656,1.305719224512002,2.7181657564201225,0.5919618220824288,,
simdrop,5.483333333333333,2.0040930339904106,forage_phonologicaldynamicglobal,8.621099823011587,1.3851804975619941,2.9074102974166935,0.8443234278099001,-0.03783087736978932,0.09031715322432005
simdrop,5.483333333333333,2.0040930339904106,forage_phonologicaldynamiclocal,8.615494861458235,1.3658085201426438,2.993886585798414,1.0473213142200017,-0.05029419959943339,0.11209235262274364
simdrop,5.483333333333333,2.0040930339904106,forage_phonologicaldynamicswitch,8.55277313486951,1.3172306574466235,2.7184971860491722,0.5913638129396271,-0.17379142443886325,0.609078539012004
none,,,forage_phonologicalstatic,8.772214587157574,1.4385869958648076,1.9876347684607933,0.7905156449050766,-0.02275341320613009,0.08047665514799252
none,,,forage_static,8.700768023515101,1.3621177701043865,1.902257524257041,0.6555087041485739,,
