Switch_Method,Switches_per_Subj_mean,Switches_per_Subj_SD,Model,Beta_Frequency_mean,Beta_Frequency_std,Beta_Semantic_mean,Beta_Semantic_std,Beta_Phonological_mean,Beta_Phonological_std
simdrop,5.483333333333333,1.9364199498616572,forage_dynamic,8.46897034141312,1.3057680593159267,2.6611854222748836,0.6011846743648226,,
simdrop,5.483333333333333,1.9364199498616572,forage_phonologicaldynamicglobal,8.557032355094389,1.3802266741044844,2.839006161024793,0.8402427146033549,-0.03635865075074352,0.08903455450650534
simdrop,5.483333333333333,1.9364199498616572,forage_phonologicaldynamiclocal,8.55447056681501,1.3636873499516617,2.9328863746800953,1.0274912935036962,-0.050758665630078664,0.1098673778635662
simdrop,5.483333333333333,1.9364199498616572,forage_phonologicaldynamicswitch,8.494014943860659,1.3178698049473532,2.6615687159460477,0.6005278481095939,-0.10419284506063123,0.48606619608560814
none,,,forage_phonologicalstatic,8.694932860586981,1.4528472391328906,1.8923507330661056,0.7927383180157438,-0.020612323023761852,0.07954596364586124
none,,,forage_static,8.631049209038279,1.3798235003240573,1.8182395865035617,0.6709100535738346,,
