Switch_Method,Switches_per_Subj_mean,Switches_per_Subj_SD,Model,Beta_Frequency_mean,Beta_Frequency_std,Beta_Semantic_mean,Beta_Semantic_std,Beta_Phonological_mean,Beta_Phonological_std
simdrop,5.2,1.8867962264113207,forage_dynamic,8.341283561940548,1.4327151744350033,4.395668372397458,1.3282886093973825,,
simdrop,5.2,1.8867962264113207,forage_phonologicaldynamicglobal,8.38298767989726,1.490138568439761,4.562037734001337,1.6730058276692912,-0.021560973984996328,0.0866810503422275
simdrop,5.2,1.8867962264113207,forage_phonologicaldynamiclocal,8.375004210305248,1.4813535587882862,4.624120956329079,1.8118069347471253,-0.06729289702262675,0.3862745877996456
simdrop,5.2,1.8867962264113207,forage_phonologicaldynamicswitch,8.369453131135266,1.4521119053897376,4.395545512975151,1.3278588248887349,-0.17298956109891378,0.6504862587436846
none,,,forage_phonologicalstatic,8.545679973642342,1.5245072022373065,2.9578559221068335,1.3705854386955187,-0.009165937827764249,0.07886510884800293
none,,,forage_static,8.517361680289191,1.4815516397390738,2.8947305084526582,1.1945244585950583,,
