Switch_Method,Switches_per_Subj_mean,Switches_per_Subj_SD,Model,Beta_Frequency_mean,Beta_Frequency_std,Beta_Semantic_mean,Beta_Semantic_std,Beta_Phonological_mean,Beta_Phonological_std
simdrop,5.483333333333333,1.9364199498616572,forage_dynamic,8.468972920445308,1.3057662422933254,2.661185385445148,0.6011843784502333,,
simdrop,5.483333333333333,1.9364199498616572,forage_phonologicaldynamicglobal,8.557031341375323,1.3802270722395182,2.8390064163765527,0.840242472420443,-0.0363586506602671,0.0890345501385005
simdrop,5.483333333333333,1.9364199498616572,forage_phonologicaldynamiclocal,8.554470336356935,1.3636873205038882,2.9328868024329906,1.0274919811839567,-0.05075869283907183,0.1098674234350595
simdrop,5.483333333333333,1.9364199498616572,forage_phonologicaldynamicswitch,8.494016056167652,1.31786969639037,2.661568484610165,0.6005274867509082,-0.1138736556723618,0.525494841558875
none,,,forage_phonologicalstatic,8.6949337201473,1.4528462700312796,1.8923510349041528,0.7927380119258338,-0.020612331890054254,0.07954595865843365
none,,,forage_static,8.631050349454727,1.3798246533189313,1.8182395440559094,0.6709101875875194,,
