Switch_Method,Switches_per_Subj_mean,Switches_per_Subj_SD,Model,Beta_Frequency_mean,Beta_Frequency_std,Beta_Semantic_mean,Beta_Semantic_std,Beta_Phonological_mean,Beta_Phonological_std
simdrop,5.4,1.8814887722226779,forage_dynamic,8.946082744694811,1.2444567148514316,2.4076005089799453,0.5663676311608633,,
simdrop,5.4,1.8814887722226779,forage_phonologicaldynamicglobal,9.057849698022554,1.3556528924093239,2.5589480676896317,0.7760446337457125,-0.033049507424820074,0.09029856293914823
simdrop,5.4,1.8814887722226779,forage_phonologicaldynamiclocal,9.086232046000235,1.3574681220984945,2.658266371184757,0.9509208049806448,-0.05216024838727062,0.1158802033346717
simdrop,5.4,1.8814887722226779,forage_phonologicaldynamicswitch,8.973024264542335,1.2372666605142353,2.408677818041695,0.5654256077260537,-0.1750554841555138,0.671960613606545
none,,,forage_phonologicalstatic,9.20719232541285,1.3609555804352156,1.8513582336892938,0.7530206792457189,-0.022104627474545786,0.08493109857102775
none,,,forage_static,9.116713183410877,1.2540554517819562,1.7644349501842427,0.6006936374674784,,
