,Subject,Fluency_Item,Semantic_Similarity,Frequency_Value,Phonological_Similarity
0,SUG-544,dog,0.0001,7.256114028,0.0001
1,SUG-544,cat,0.6237586803271854,7.013143358,0.0001
2,SUG-544,pig,0.4740017632133602,6.611542969,0.0001
3,SUG-544,cow,0.5070622080814298,6.679047222,0.0001
4,SUG-544,chicken,0.48357918655079657,6.827585591,0.2
5,SUG-544,elephant,0.3152408296091779,6.363660295,0.2857
6,SUG-544,monkey,0.4228280700708258,6.401926546,0.0001
7,SUG-544,fish,0.4371794651510009,7.344814258,0.0001
