Switch_Method,Switches_per_Subj_mean,Switches_per_Subj_SD,Model,Beta_Frequency_mean,Beta_Frequency_std,Beta_Semantic_mean,Beta_Semantic_std,Beta_Phonological_mean,Beta_Phonological_std
simdrop,5.333333333333333,1.8408935028645432,forage_dynamic,8.787332525290669,1.3254938907609226,3.441815643582771,0.972690112615337,,
simdrop,5.333333333333333,1.8408935028645432,forage_phonologicaldynamicglobal,8.851283202237871,1.393635500276662,3.602269430069283,1.2288148819224747,-0.02516233306454262,0.08407454281487069
simdrop,5.333333333333333,1.8408935028645432,forage_phonologicaldynamiclocal,8.840651958950447,1.3841740519269503,3.634283285193229,1.2765536169814267,-0.028533464316800688,0.09026449897370718
simdrop,5.333333333333333,1.8408935028645432,forage_phonologicaldynamicswitch,8.816615233594945,1.3312251917879554,3.4430437630146336,0.9711092876258555,-0.2791941620543425,0.7603013808858553
none,,,forage_phonologicalstatic,8.971976646771997,1.4315062848236444,2.419182779860067,1.0361515072754328,-0.012835531310540141,0.07897048213108863
none,,,forage_static,8.925438691331754,1.3644056923362362,2.353853686931775,0.8938931120995497,,
