Switch_Method,Switches_per_Subj_mean,Switches_per_Subj_SD,Model,Beta_Frequency_mean,Beta_Frequency_std,Beta_Semantic_mean,Beta_Semantic_std,Beta_Phonological_mean,Beta_Phonological_std
simdrop,5.083333333333333,1.873425264648212,forage_dynamic,8.35545249758904,1.4626354457024615,4.262302825513451,1.3069703896284695,,
simdrop,5.083333333333333,1.873425264648212,forage_phonologicaldynamicglobal,8.402008295345262,1.523138454903428,4.405095784225972,1.623315856297882,-0.01960646126626261,0.08613614424657531
simdrop,5.083333333333333,1.873425264648212,forage_phonologicaldynamiclocal,8.397932987775754,1.5112207248250682,4.44031370817559,1.686473966741745,-0.0525920014200877,0.3053030721432396
simdrop,5.083333333333333,1.873425264648212,forage_phonologicaldynamicswitch,8.378998272128126,1.4871209996302144,4.262622469324412,1.3066688990353374,-0.16870609850300494,0.6511065403313796
none,,,forage_phonologicalstatic,8.534150214050463,1.544285457396773,2.741997452085396,1.3488484738569793,-0.0067808475376512,0.07863244945448385
none,,,forage_static,8.50551631010628,1.4995969473592992,2.6912420645721196,1.1997572409996604,,
