Switch_Method,Switches_per_Subj_mean,Switches_per_Subj_SD,Model,Beta_Frequency_mean,Beta_Frequency_std,Beta_Semantic_mean,Beta_Semantic_std,Beta_Phonological_mean,Beta_Phonological_std
simdrop,5.35,1.887017046381228,forage_dynamic,8.41986420635416,1.3549927796050956,3.280423394643919,0.8702789981581782,,
simdrop,5.35,1.887017046381228,forage_phonologicaldynamicglobal,8.491450130664091,1.4234875309261041,3.4507775950903667,1.134982502383231,-0.029613984161404854,0.08564756279124346
simdrop,5.35,1.887017046381228,forage_phonologicaldynamiclocal,8.479737804206211,1.4262817101356289,3.4837405554675245,1.1779083947520164,-0.03339621297694601,0.0952611745971758
simdrop,5.35,1.887017046381228,forage_phonologicaldynamicswitch,8.433372904790104,1.3608461330600252,3.2806447730583783,0.8700399157522564,-0.2097719899807625,0.6504061586844455
none,,,forage_phonologicalstatic,8.623165454242512,1.4915205915655698,2.2320172034532573,1.0220562691050912,-0.014949078625523835,0.07915545243481086
none,,,forage_static,8.573504171402114,1.431484107385413,2.16701163040152,0.866263990435498,,
