Switch_Method,Switches_per_Subj_mean,Switches_per_Subj_SD,Model,Beta_Frequency_mean,Beta_Frequency_std,Beta_Semantic_mean,Beta_Semantic_std,Beta_Phonological_mean,Beta_Phonological_std
simdrop,5.483333333333333,1.9364199498616572,forage_dynamic,8.468971073509469,1.3057646992343859,2.6611851700167266,0.6011841579712732,,
simdrop,5.483333333333333,1.9364199498616572,forage_phonologicaldynamicglobal,8.557031716377026,1.380226422828779,2.8390065005906076,0.8402426944865501,-0.036358657183925454,0.08903454791977518
simdrop,5.483333333333333,1.9364199498616572,forage_phonologicaldynamiclocal,8.554471375088674,1.3636863515793718,2.9328863235255875,1.0274909813134043,-0.050758661030064184,0.10986732774493804
simdrop,5.483333333333333,1.9364199498616572,forage_phonologicaldynamicswitch,8.494015708026337,1.3178702888714164,2.661568838834797,0.6005276030716545,-0.10681702060328487,0.4923899973887722
none,,,forage_phonologicalstatic,8.69493391529487,1.4528484252031284,1.8923508746500004,0.7927382846829069,-0.02061233014751298,0.07954596368477694
none,,,forage_static,8.631048114037432,1.379821240725284,1.8182394396751056,0.6709102261496345,,
