Switch_Method,Switches_per_Subj_mean,Switches_per_Subj_SD,Model,Beta_Frequency_mean,Beta_Frequency_std,Beta_Semantic_mean,Beta_Semantic_std,Beta_Phonological_mean,Beta_Phonological_std
simdrop,5.466666666666667,1.9189117286165671,forage_dynamic,8.61667317267744,1.2839721879697064,2.4377247827027917,0.5123453279425885,,
simdrop,5.466666666666667,1.9189117286165671,forage_phonologicaldynamicglobal,8.721041975322978,1.3834078126508786,2.6174757800513637,0.7228508430515628,-0.03988358971302293,0.09062621386773903
simdrop,5.466666666666667,1.9189117286165671,forage_phonologicaldynamiclocal,8.740203024005313,1.3641554062236132,2.7103504933272595,0.8536266695646645,-0.06038975815293745,0.10955722527259158
simdrop,5.466666666666667,1.9189117286165671,forage_phonologicaldynamicswitch,8.639447036652196,1.2838204254972632,2.438227584855362,0.5118486462561966,-0.14429827847284585,0.6322292154544132
none,,,forage_phonologicalstatic,8.88326997267375,1.408664503245179,1.8617075918075028,0.7069591456349219,-0.02639156938411046,0.08362430373168894
none,,,forage_static,8.797340110880771,1.3192911484966572,1.7662723466122834,0.5553357920247867,,
