Switch_Method,Switches_per_Subj_mean,Switches_per_Subj_SD,Model,Beta_Frequency_mean,Beta_Frequency_std,Beta_Semantic_mean,Beta_Semantic_std,Beta_Phonological_mean,Beta_Phonological_std
simdrop,5.183333333333334,1.8840706521312363,forage_dynamic,8.382004352801747,1.4314910761215531,4.373121492444104,1.309430976866525,,
simdrop,5.183333333333334,1.8840706521312363,forage_phonologicaldynamicglobal,8.415243258118117,1.4714017836558935,4.53686105792305,1.6618460521733356,-0.020418185716495726,0.08451449822175507
simdrop,5.183333333333334,1.8840706521312363,forage_phonologicaldynamiclocal,8.40523094750482,1.4717354164350052,4.568046451791329,1.6891634135189784,-0.024611995890589912,0.09379607753740493
simdrop,5.183333333333334,1.8840706521312363,forage_phonologicaldynamicswitch,8.400182397016918,1.427856594643459,4.373247593065683,1.3091510286812873,-0.17150772034824782,0.632289154718608
none,,,forage_phonologicalstatic,8.591881629366322,1.4956797112717732,3.0001376941440348,1.3695510739035284,-0.008930206255264018,0.0780228765233566
none,,,forage_static,8.565300051254516,1.4542394384876474,2.9377971338555806,1.1910586970495987,,
