Switch_Method,Switches_per_Subj_mean,Switches_per_Subj_SD,Model,Beta_Frequency_mean,Beta_Frequency_std,Beta_Semantic_mean,Beta_Semantic_std,Beta_Phonological_mean,Beta_Phonological_std
simdrop,5.383333333333334,1.8716451468041573,forage_dynamic,8.72121659405449,1.3307526886193035,3.490198834537728,0.9319429125069848,,
simdrop,5.383333333333334,1.8716451468041573,forage_phonologicaldynamicglobal,8.787799882463258,1.395933179719782,3.6650758653840882,1.1995944795456024,-0.027591318553183877,0.08508404418657474
simdrop,5.383333333333334,1.8716451468041573,forage_phonologicaldynamiclocal,8.778129141291291,1.3873068554983772,3.701028427173599,1.24955017744748,-0.032153274221453906,0.08987871296867149
simdrop,5.383333333333334,1.8716451468041573,forage_phonologicaldynamicswitch,8.75108591175518,1.3314684489370836,3.491441096540951,0.930666661851327,-0.2492704647377307,0.7289912786463107
none,,,forage_phonologicalstatic,8.936200372327496,1.4332957131390998,2.480252309315695,1.0323048705233369,-0.014866629245155935,0.07955002810980662
none,,,forage_static,8.885913803566584,1.3671385568446297,2.4063733481576413,0.8787378666869684,,
