Switch_Method,Switches_per_Subj_mean,Switches_per_Subj_SD,Model,Beta_Frequency_mean,Beta_Frequency_std,Beta_Semantic_mean,Beta_Semantic_std,Beta_Phonological_mean,Beta_Phonological_std
simdrop,5.35,1.8423264278261513,forage_dynamic,8.812827780963136,1.3243376161030518,3.402417955796855,0.9973899571066688,,
simdrop,5.35,1.8423264278261513,forage_phonologicaldynamicglobal,8.875188290536538,1.3937736778434913,3.551456922705641,1.2406493017754867,-0.023482861515370393,0.08312292062517165
simdrop,5.35,1.8423264278261513,forage_phonologicaldynamiclocal,8.86264644481648,1.3845059728908975,3.575990222164905,1.2821365563725944,-0.025358781575692973,0.0896404020100314
simdrop,5.35,1.8423264278261513,forage_phonologicaldynamicswitch,8.843106698494694,1.3321861727195388,3.40365764031655,0.9957663707704248,-0.2835604498152396,0.771303381820218
none,,,forage_phonologicalstatic,8.99217240706236,1.4333834334652005,2.367897530643907,1.0394083321355903,-0.011342830039356537,0.07855316754910208
none,,,forage_static,8.948425500979836,1.365630832644178,2.308781620257939,0.9053734225865049,,
