Switch_Method,Switches_per_Subj_mean,Switches_per_Subj_SD,Model,Beta_Frequency_mean,Beta_Frequency_std,Beta_Semantic_mean,Beta_Semantic_std,Beta_Phonological_mean,Beta_Phonological_std
simdrop,5.433333333333334,2.0278614899006837,forage_dynamic,8.777379032000846,1.301574731918007,2.800199757705232,0.6341444803566068,,
simdrop,5.433333333333334,2.0278614899006837,forage_phonologicaldynamicglobal,8.883186571551612,1.3954379357248767,2.9821274117923053,0.8614699218156707,-0.0361830815876971,0.08858897823101544
simdrop,5.433333333333334,2.0278614899006837,forage_phonologicaldynamiclocal,8.883255158921603,1.388581984395491,3.0465927204090995,1.0550776099795884,-0.04431168137207944,0.11411626367481098
simdrop,5.433333333333334,2.0278614899006837,forage_phonologicaldynamicswitch,8.81113200267306,1.3003220410334677,2.8011601988575436,0.6329036257264871,-0.2604225654852394,0.7415855681236444
none,,,forage_phonologicalstatic,9.033217938900258,1.393102134702415,2.1044923492186975,0.8021705196418951,-0.023324616894438186,0.0819279204666982
none,,,forage_static,8.950225160527255,1.305846145720982,2.010010369363278,0.6504499604926413,,
