Switch_Method,Switches_per_Subj_mean,Switches_per_Subj_SD,Model,Beta_Frequency_mean,Beta_Frequency_std,Beta_Semantic_mean,Beta_Semantic_std,Beta_Phonological_mean,Beta_Phonological_std
simdrop,5.333333333333333,1.937925580499818,forage_dynamic,9.066687373160848,1.233906772234353,2.3546627066362453,0.6152488463915179,,
simdrop,5.333333333333333,1.937925580499818,forage_phonologicaldynamicglobal,9.173804011984286,1.3480162772854154,2.484099934896774,0.80463950936176,-0.02858454353485835,0.08818770493137268
simdrop,5.333333333333333,1.937925580499818,forage_phonologicaldynamiclocal,9.186164764747978,1.3480434897914209,2.539779459455366,0.8940370724056431,-0.03894843864977995,0.10023766768910199
simdrop,5.333333333333333,1.937925580499818,forage_phonologicaldynamicswitch,9.089394490614763,1.2304014766832023,2.355789160630881,0.6141583879041729,-0.1983124618005648,0.6953436955201935
none,,,forage_phonologicalstatic,9.280753434496644,1.3658986013201002,1.7543328738519597,0.7671588913993187,-0.017599332526992462,0.08377676171838945
none,,,forage_static,9.19959263327986,1.2522836655058982,1.6831796464144018,0.6308392899407472,,
