Switch_Method,Switches_per_Subj_mean,Switches_per_Subj_SD,Model,Beta_Frequency_mean,Beta_Frequency_std,Beta_Semantic_mean,Beta_Semantic_std,Beta_Phonological_mean,Beta_Phonological_std
simdrop,5.483333333333333,1.9364199498616572,forage_dynamic,8.47566383720544,1.3021016883206675,2.6635266877324018,0.6008053608754638,,
simdrop,5.483333333333333,1.9364199498616572,forage_phonologicaldynamicglobal,8.563640436768582,1.3774233011031336,2.841723109521212,0.8410385857754955,-0.03635092462410683,0.08911506487344059
simdrop,5.483333333333333,1.9364199498616572,forage_phonologicaldynamiclocal,8.562808742319307,1.3593817737112415,2.9384188561850966,1.0295484173718037,-0.05146146920087426,0.11001852510360619
simdrop,5.483333333333333,1.9364199498616572,forage_phonologicaldynamicswitch,8.500558868955082,1.3143459891662868,2.663911882162061,0.6001522955640699,-0.10563393972820125,0.49723955497185135
none,,,forage_phonologicalstatic,8.701113154718428,1.4516180568317685,1.9006638120722517,0.7922249002262516,-0.020799631285172936,0.07962103064896131
none,,,forage_static,8.636612598453747,1.3783077593104491,1.8256081773172486,0.6692616971943077,,
