Switch_Method,Switches_per_Subj_mean,Switches_per_Subj_SD,Model,Beta_Frequency_mean,Beta_Frequency_std,Beta_Semantic_mean,Beta_Semantic_std,Beta_Phonological_mean,Beta_Phonological_std
simdrop,5.35,1.8781639970992947,forage_dynamic,8.458289233180013,1.3581408331139844,3.3543947904263165,0.8576058888883296,,
simdrop,5.35,1.8781639970992947,forage_phonologicaldynamicglobal,8.52694093743506,1.4252425007340859,3.533957260245176,1.1356428357346726,-0.030655677691847426,0.08616768050544929
simdrop,5.35,1.8781639970992947,forage_phonologicaldynamiclocal,8.519675474995038,1.434049086440341,3.5653074212185345,1.1786507413168692,-0.03407325993517839,0.09705704297484477
simdrop,5.35,1.8781639970992947,forage_phonologicaldynamicswitch,8.470864683108235,1.3604937087388205,3.3546549188068187,0.8572706385606254,-0.2610981499859861,0.7474386682146363
none,,,forage_phonologicalstatic,8.679279761231026,1.482367933464645,2.356459760027161,1.0256129697171819,-0.01677694160221938,0.07980816936015792
none,,,forage_static,8.626070215716052,1.4203265966215874,2.2812373560320496,0.8584162649221508,,
