Switch_Method,Switches_per_Subj_mean,Switches_per_Subj_SD,Model,Beta_Frequency_mean,Beta_Frequency_std,Beta_Semantic_mean,Beta_Semantic_std,Beta_Phonological_mean,Beta_Phonological_std
simdrop,5.366666666666666,1.9490738541391623,forage_dynamic,8.651011594648784,1.3522477110592377,3.501244794220731,0.897049217738498,,
simdrop,5.366666666666666,1.9490738541391623,forage_phonologicaldynamicglobal,8.717954160894115,1.4164999418040993,3.6864335713126555,1.1767177476257715,-0.02975115008266323,0.08585527855613641
simdrop,5.366666666666666,1.9490738541391623,forage_phonologicaldynamiclocal,8.705317359629323,1.4068541808642236,3.7183972403598475,1.2324311847941856,-0.033356058349404825,0.0908896108573871
simdrop,5.366666666666666,1.9490738541391623,forage_phonologicaldynamicswitch,8.677133205839018,1.3505519324053419,3.502229063040141,0.8957983077889415,-0.25405614389367315,0.7277361856151064
none,,,forage_phonologicalstatic,8.877455647460863,1.4423559505521442,2.52961393246664,1.0288538120647992,-0.017109226872479618,0.08018662540790797
none,,,forage_static,8.82312589939267,1.3772334593910027,2.4464992680422224,0.8622503351787809,,
