Switch_Method,Switches_per_Subj_mean,Switches_per_Subj_SD,Model,Beta_Frequency_mean,Beta_Frequency_std,Beta_Semantic_mean,Beta_Semantic_std,Beta_Phonological_mean,Beta_Phonological_std
simdrop,5.433333333333334,1.986342255391944,forage_dynamic,8.681132595402746,1.2903597344689026,2.7846587511133336,0.6085209582337253,,
simdrop,5.433333333333334,1.986342255391944,forage_phonologicaldynamicglobal,8.78499155328951,1.3751114802160356,2.9766794982859266,0.853311977638732,-0.03808740504318497,0.0902017267637182
simdrop,5.433333333333334,1.986342255391944,forage_phonologicaldynamiclocal,8.779553401802323,1.3551403453149167,3.0456720630429457,1.0664593994684386,-0.046556923952410796,0.11623433585990821
simdrop,5.433333333333334,1.986342255391944,forage_phonologicaldynamicswitch,8.722896129000548,1.295692582643364,2.7854880165424047,0.6073119444862335,-0.27773105900949946,0.7916369202121871
none,,,forage_phonologicalstatic,8.94063131298009,1.4089796015254645,2.1077724851163087,0.7969838448337169,-0.024693891428218283,0.08190085073532555
none,,,forage_static,8.857770615422323,1.3256676146187925,2.009121315490122,0.6446347915118561,,
