Switch_Method,Switches_per_Subj_mean,Switches_per_Subj_SD,Model,Beta_Frequency_mean,Beta_Frequency_std,Beta_Semantic_mean,Beta_Semantic_std,Beta_Phonological_mean,Beta_Phonological_std
simdrop,5.083333333333333,1.8999268991785507,forage_dynamic,8.334655670922249,1.448856000537957,4.34453996085421,1.3080914151464322,,
simdrop,5.083333333333333,1.8999268991785507,forage_phonologicaldynamicglobal,8.379905786259096,1.508888623088736,4.502590938533502,1.6441285300900979,-0.021171258473985776,0.0866198254606956
simdrop,5.083333333333333,1.8999268991785507,forage_phonologicaldynamiclocal,8.374898934674995,1.4939431234439897,4.54821124156781,1.7276715229641237,-0.06278586283421726,0.36114050790115537
simdrop,5.083333333333333,1.8999268991785507,forage_phonologicaldynamicswitch,8.358078076599867,1.4729988904495424,4.344635216345198,1.3078083621923615,-0.1991054187355142,0.6959157683717606
none,,,forage_phonologicalstatic,8.538721879142884,1.534802027263758,2.863697714357507,1.3625565252805758,-0.008147705386167348,0.07882578927704291
none,,,forage_static,8.510126629974565,1.4909207209087887,2.8060127911019914,1.1981341321972727,,
