Switch_Method,Switches_per_Subj_mean,Switches_per_Subj_SD,Model,Beta_Frequency_mean,Beta_Frequency_std,Beta_Semantic_mean,Beta_Semantic_std,Beta_Phonological_mean,Beta_Phonological_std
simdrop,5.35,1.8603315116756298,forage_dynamic,8.807765610156906,1.3241905424950842,3.411721842598864,0.991029728882831,,
simdrop,5.35,1.8603315116756298,forage_phonologicaldynamicglobal,8.870589085616409,1.3935600629984009,3.562890685166146,1.236862836777431,-0.02382346838916706,0.08330690207550154
simdrop,5.35,1.8603315116756298,forage_phonologicaldynamiclocal,8.857821695711827,1.3842758663161017,3.587856851221527,1.2804573743845655,-0.025604256467860312,0.09008242187301942
simdrop,5.35,1.8603315116756298,forage_phonologicaldynamicswitch,8.838054927955147,1.3321853636015264,3.4129500037576723,0.9893995372756531,-0.2951434258433136,0.7958155919816794
none,,,forage_phonologicalstatic,8.988146803440623,1.4327352246780403,2.379534862251475,1.0386577328346145,-0.011669176378162985,0.07864357988359383
none,,,forage_static,8.943788867352481,1.36511846668389,2.3190689058056573,0.9028241099765274,,
