Switch_Method,Switches_per_Subj_mean,Switches_per_Subj_SD,Model,Beta_Frequency_mean,Beta_Frequency_std,Beta_Semantic_mean,Beta_Semantic_std,Beta_Phonological_mean,Beta_Phonological_std
simdrop,5.466666666666667,1.9189117286165671,forage_dynamic,8.616675272307004,1.2839707777969909,2.4377243089158145,0.51234592412042,,
simdrop,5.466666666666667,1.9189117286165671,forage_phonologicaldynamicglobal,8.721043058796223,1.3834083308145353,2.617475753144047,0.7228509626007424,-0.039883592935978,0.09062622156282199
simdrop,5.466666666666667,1.9189117286165671,forage_phonologicaldynamiclocal,8.740203379646731,1.36415680238267,2.71035028454541,0.8536266258804055,-0.06038975344416421,0.10955719311270443
simdrop,5.466666666666667,1.9189117286165671,forage_phonologicaldynamicswitch,8.639451558648766,1.2838283403353792,2.438227392806859,0.5118483401521108,-0.12313766398623735,0.555395467215793
none,,,forage_phonologicalstatic,8.883270872369286,1.4086633699140174,1.861707577149433,0.7069590853403072,-0.02639156866691358,0.08362429044039518
none,,,forage_static,8.79734089462109,1.3192899571979009,1.7662723154763167,0.555335736169374,,
