Switch_Method,Switches_per_Subj_mean,Switches_per_Subj_SD,Model,Beta_Frequency_mean,Beta_Frequency_std,Beta_Semantic_mean,Beta_Semantic_std,Beta_Phonological_mean,Beta_Phonological_std
simdrop,5.133333333333334,1.8660713336371206,forage_dynamic,8.352088164256491,1.4643790140218522,4.250712296351999,1.3158872768992227,,
simdrop,5.133333333333334,1.8660713336371206,forage_phonologicaldynamicglobal,8.398473923293775,1.52518789821397,4.390427811834059,1.6280760735336646,-0.019209948037763252,0.08598222507781045
simdrop,5.133333333333334,1.8660713336371206,forage_phonologicaldynamiclocal,8.39454806338299,1.5129387702344228,4.4200128789063795,1.68239503286242,-0.04996261937707525,0.2947835396824047
simdrop,5.133333333333334,1.8660713336371206,forage_phonologicaldynamicswitch,8.376543921086354,1.4898989064891377,4.251011844337232,1.315673488293239,-0.1710128381159305,0.6337581385668424
none,,,forage_phonologicalstatic,8.53375592661789,1.545103638908143,2.7303006297853343,1.3473663844612966,-0.006650097145951858,0.0786100747168804
none,,,forage_static,8.505131965143919,1.500351274761401,2.6801877022882206,1.1997424796698974,,
