Switch_Method,Switches_per_Subj_mean,Switches_per_Subj_SD,Model,Beta_Frequency_mean,Beta_Frequency_std,Beta_Semantic_mean,Beta_Semantic_std,Beta_Phonological_mean,Beta_Phonological_std
simdrop,5.433333333333334,1.986342255391944,forage_dynamic,8.68113296320229,1.2903606211487006,2.7846586429359044,0.6085211652973255,,
simdrop,5.433333333333334,1.986342255391944,forage_phonologicaldynamicglobal,8.784992238007607,1.3751108128212362,2.976679606005896,0.8533127540641706,-0.03808741766380905,0.0902017491800364
simdrop,5.433333333333334,1.986342255391944,forage_phonologicaldynamiclocal,8.779553550356416,1.3551405088653057,3.0456718584805196,1.066458244262029,-0.046556899267555504,0.11623424203518477
simdrop,5.433333333333334,1.986342255391944,forage_phonologicaldynamicswitch,8.722897007278727,1.2956917822786729,2.785488186841886,0.6073116913685244,-0.2700740250606352,0.7731627443143315
none,,,forage_phonologicalstatic,8.940631187391444,1.4089805228560235,2.1077724754384746,0.7969838382525953,-0.024693897656218485,0.08190083533599356
none,,,forage_static,8.857772528153667,1.3256646034889843,2.0091213942921007,0.6446351529690413,,
