Switch_Method,Switches_per_Subj_mean,Switches_per_Subj_SD,Model,Beta_Frequency_mean,Beta_Frequency_std,Beta_Semantic_mean,Beta_Semantic_std,Beta_Phonological_mean,Beta_Phonological_std
simdrop,5.35,1.922021505256033,forage_dynamic,8.436662261550271,1.359493726777739,3.311506440607844,0.8613586668469301,,
simdrop,5.35,1.922021505256033,forage_phonologicaldynamicglobal,8.506322457341438,1.4265777025985193,3.4847915499084814,1.1283502378739605,-0.030077849105761924,0.08546627391029286
simdrop,5.35,1.922021505256033,forage_phonologicaldynamiclocal,8.499256703769069,1.4364277756814432,3.5220233278157673,1.1749661902213564,-0.034924795134707205,0.09600016093756877
simdrop,5.35,1.922021505256033,forage_phonologicaldynamicswitch,8.446602237160596,1.3616263445486443,3.3117106294854706,0.8612394298641378,-0.22185500038706205,0.6948925896209632
none,,,forage_phonologicalstatic,8.64455592014791,1.4882098015177299,2.2820895326331234,1.023693571073789,-0.015699849532202218,0.07941896039076907
none,,,forage_static,8.59343610512961,1.4273308297432612,2.2130106006071677,0.8631098907247493,,
