Switch_Method,Switches_per_Subj_mean,Switches_per_Subj_SD,Model,Beta_Frequency_mean,Beta_Frequency_std,Beta_Semantic_mean,Beta_Semantic_std,Beta_Phonological_mean,Beta_Phonological_std
simdrop,5.333333333333333,1.937925580499818,forage_dynamic,9.066686831627397,1.2339045147730359,2.3546627138278593,0.615248969229091,,
simdrop,5.333333333333333,1.937925580499818,forage_phonologicaldynamicglobal,9.173804467072298,1.3480163143011972,2.4841002337885727,0.8046394069387298,-0.02858455753260345,0.08818769923575705
simdrop,5.333333333333333,1.937925580499818,forage_phonologicaldynamiclocal,9.186164481045754,1.3480429902111577,2.5397795907829575,0.8940371458084523,-0.03894844510137685,0.10023767954231072
simdrop,5.333333333333333,1.937925580499818,forage_phonologicaldynamicswitch,9.089390462111835,1.2303962302415732,2.35578884848252,0.6141592715885378,-0.21368786290371133,0.7645632518642402
none,,,forage_phonologicalstatic,9.280753837043456,1.3658989840327145,1.754332987321281,0.7671588970874903,-0.017599343651603507,0.0837767596240592
none,,,forage_static,9.199590457810737,1.2522819557641527,1.6831795678475643,0.6308396043145604,,
