Switch_Method,Switches_per_Subj_mean,Switches_per_Subj_SD,Model,Beta_Frequency_mean,Beta_Frequency_std,Beta_Semantic_mean,Beta_Semantic_std,Beta_Phonological_mean,Beta_Phonological_std
simdrop,5.333333333333333,1.937925580499818,forage_dynamic,9.076394195996336,1.2339811689609483,2.34572835353126,0.6208492757734586,,
simdrop,5.333333333333333,1.937925580499818,forage_phonologicaldynamicglobal,9.182427844350135,1.34841121636107,2.472268899959139,0.8069182751961135,-0.02801638547604027,0.08785543248951144
simdrop,5.333333333333333,1.937925580499818,forage_phonologicaldynamiclocal,9.194381632489831,1.3486257085638431,2.5264958785663345,0.8942647915755382,-0.0381001630563291,0.09971946688471901
simdrop,5.333333333333333,1.937925580499818,forage_phonologicaldynamicswitch,9.099142948697189,1.230417471418574,2.346878136910322,0.6197505475040161,-0.1968984755975244,0.6931808688771427
none,,,forage_phonologicalstatic,9.28592527460589,1.3675599789961126,1.7427595107924627,0.7682872819647525,-0.01711549570783117,0.08363157826343814
none,,,forage_static,9.205896902421715,1.2533693422749823,1.6733114709148764,0.6338865042307824,,
