Switch_Method,Switches_per_Subj_mean,Switches_per_Subj_SD,Model,Beta_Frequency_mean,Beta_Frequency_std,Beta_Semantic_mean,Beta_Semantic_std,Beta_Phonological_mean,Beta_Phonological_std
simdrop,5.55,1.9784252997438814,forage_dynamic,8.921295931632423,1.2829846122689694,2.681938806938052,0.6899793687846058,,
simdrop,5.55,1.9784252997438814,forage_phonologicaldynamicglobal,9.017280990883446,1.3863129447730298,2.8196732449719533,0.8906523691474261,-0.027841750109021027,0.08460503623018009
simdrop,5.55,1.9784252997438814,forage_phonologicaldynamiclocal,9.011244344370146,1.3736673883629913,2.859652321965912,0.9831538634388662,-0.034064398931570906,0.10218304333098342
simdrop,5.55,1.9784252997438814,forage_phonologicaldynamicswitch,8.953182178633083,1.2838438071560274,2.6836659689833495,0.6884595184054033,-0.2947985455398103,0.8101732491488159
none,,,forage_phonologicalstatic,9.166267280788581,1.3848711774421925,1.9456487141009524,0.8110958050827379,-0.01627392822870129,0.0803349745112865
none,,,forage_static,9.09756906083852,1.2898765284378275,1.8793345524486107,0.6829919861315341,,
