Switch_Method,Switches_per_Subj_mean,Switches_per_Subj_SD,Model,Beta_Frequency_mean,Beta_Frequency_std,Beta_Semantic_mean,Beta_Semantic_std,Beta_Phonological_mean,Beta_Phonological_std
simdrop,5.483333333333333,1.8662946057778649,forage_dynamic,8.668199399187433,1.2869689407952942,2.384042278920195,0.6476658552537333,,
simdrop,5.483333333333333,1.8662946057778649,forage_phonologicaldynamicglobal,8.76556009058205,1.3877862903495286,2.529572711653624,0.8175634923657209,-0.031991401424076735,0.08805753546946922
simdrop,5.483333333333333,1.8662946057778649,forage_phonologicaldynamiclocal,8.776601144512709,1.3844387822680815,2.6046266409528216,0.9394264697411562,-0.04950806818132636,0.11050917318516203
simdrop,5.483333333333333,1.8662946057778649,forage_phonologicaldynamicswitch,8.695542600026831,1.2849282247708669,2.384933024456441,0.6465091717961876,-0.12749744625194137,0.5431441879407843
none,,,forage_phonologicalstatic,8.851325950927494,1.4351273215353944,1.6792152360200987,0.8236529377907227,-0.018463317186455733,0.08077070665927286
none,,,forage_static,8.78057083528375,1.3476538010524945,1.6121028493994607,0.7145393011239662,,
