Switch_Method,Switches_per_Subj_mean,Switches_per_Subj_SD,Model,Beta_Frequency_mean,Beta_Frequency_std,Beta_Semantic_mean,Beta_Semantic_std,Beta_Phonological_mean,Beta_Phonological_std
simdrop,5.333333333333333,1.8589124658131582,forage_dynamic,8.476486145920823,1.4173411100958688,4.196766104976027,1.3426664496357446,,
simdrop,5.333333333333333,1.8589124658131582,forage_phonologicaldynamicglobal,8.511115654617221,1.4602014944227306,4.3375451209395015,1.6698067527730658,-0.016342678379694366,0.08184391426130541
simdrop,5.333333333333333,1.8589124658131582,forage_phonologicaldynamiclocal,8.500882093413232,1.4605085994527436,4.3685735935431635,1.6844184334704906,-0.019915268682279996,0.08834924741383358
simdrop,5.333333333333333,1.8589124658131582,forage_phonologicaldynamicswitch,8.494855583202773,1.4140441378004591,4.197065522769025,1.3423421196821592,-0.14935015439703198,0.6220408758497888
none,,,forage_phonologicalstatic,8.668098854529914,1.4777947667459086,2.80789584639957,1.3494661214734553,-0.0055131046244632454,0.07644692040876698
none,,,forage_static,8.644902470160845,1.43507339664947,2.762341806004025,1.196579420009791,,
