Switch_Method,Switches_per_Subj_mean,Switches_per_Subj_SD,Model,Beta_Frequency_mean,Beta_Frequency_std,Beta_Semantic_mean,Beta_Semantic_std,Beta_Phonological_mean,Beta_Phonological_std
simdrop,5.483333333333333,2.0040930339904106,forage_dynamic,8.526801922396999,1.3057199779407722,2.7181660352254196,0.5919615626313683,,
simdrop,5.483333333333333,2.0040930339904106,forage_phonologicaldynamicglobal,8.621100374798283,1.3851817664516066,2.9074099770870787,0.8443220452453143,-0.0378308511075013,0.09031700614025637
simdrop,5.483333333333333,2.0040930339904106,forage_phonologicaldynamiclocal,8.615494534964466,1.3658098547649047,2.9938863824800412,1.0473209931626435,-0.05029417300941352,0.11209231475397902
simdrop,5.483333333333333,2.0040930339904106,forage_phonologicaldynamicswitch,8.55277215718952,1.3172300889860638,2.7184973567944803,0.591364082147658,-0.18034692758025098,0.6289764539754963
none,,,forage_phonologicalstatic,8.772213978246182,1.4385880225583285,1.9876346587678193,0.7905159778613259,-0.02275341298558378,0.0804766743353837
none,,,forage_static,8.7007682806524,1.3621193264949627,1.9022574950507336,0.6555085434794873,,
