Switch_Method,Switches_per_Subj_mean,Switches_per_Subj_SD,Model,Beta_Frequency_mean,Beta_Frequency_std,Beta_Semantic_mean,Beta_Semantic_std,Beta_Phonological_mean,Beta_Phonological_std
simdrop,5.433333333333334,1.8829645656664797,forage_dynamic,8.73348124449199,1.337257047839291,2.747307784711096,0.7520056833094061,,
simdrop,5.433333333333334,1.8829645656664797,forage_phonologicaldynamicglobal,8.826305900924265,1.4143558100417282,2.9119057608449634,0.9387729426657362,-0.032063782167906556,0.08431619545293915
simdrop,5.433333333333334,1.8829645656664797,forage_phonologicaldynamiclocal,8.82583909814122,1.41422365951432,2.9805486128254466,1.0558312722558623,-0.04375262639588961,0.09887046903261097
simdrop,5.433333333333334,1.8829645656664797,forage_phonologicaldynamicswitch,8.764760107873107,1.3418985287194867,2.748251978501804,0.7510090255576232,-0.1681798307536079,0.6434069469225965
none,,,forage_phonologicalstatic,8.93150019079229,1.4879842821789235,1.9295284018663292,0.9574521271360706,-0.018087338897596356,0.08069977574913981
none,,,forage_static,8.86550981555799,1.4229045514120864,1.8505971884564756,0.8338493187644037,,
