Switch_Method,Switches_per_Subj_mean,Switches_per_Subj_SD,Model,Beta_Frequency_mean,Beta_Frequency_std,Beta_Semantic_mean,Beta_Semantic_std,Beta_Phonological_mean,Beta_Phonological_std
simdrop,5.55,1.909842925478428,forage_dynamic,8.503210276581909,1.321680467102576,2.3868574280478554,0.48380881258207087,,
simdrop,5.55,1.909842925478428,forage_phonologicaldynamicglobal,8.596260620934592,1.4090694302705171,2.5541264073041936,0.665890315554114,-0.03838348134818638,0.08752230627824817
simdrop,5.55,1.909842925478428,forage_phonologicaldynamiclocal,8.618004990972747,1.397646915791156,2.6560335714928884,0.7600658731270139,-0.06267860505636062,0.10672706553927128
simdrop,5.55,1.909842925478428,forage_phonologicaldynamicswitch,8.51297341774003,1.3212559760408173,2.3870221046892843,0.4837580167005195,-0.1185353172364379,0.592838917329614
none,,,forage_phonologicalstatic,8.694938896606201,1.4494371058781905,1.70149967101653,0.7118560324912773,-0.022787239524390022,0.08082133102761702
none,,,forage_static,8.625713455975356,1.3675729585803578,1.6259448400903396,0.5895633717218971,,
