Switch_Method,Switches_per_Subj_mean,Switches_per_Subj_SD,Model,Beta_Frequency_mean,Beta_Frequency_std,Beta_Semantic_mean,Beta_Semantic_std,Beta_Phonological_mean,Beta_Phonological_std
simdrop,5.483333333333333,1.9277937879578535,forage_dynamic,8.486998474953461,1.3039556594767536,2.6810119426564536,0.5970606554298871,,
simdrop,5.483333333333333,1.9277937879578535,forage_phonologicaldynamicglobal,8.576673564565253,1.379702782996652,2.863231996312174,0.8416146570193062,-0.03691218911456889,0.08943531714105515
simdrop,5.483333333333333,1.9277937879578535,forage_phonologicaldynamiclocal,8.575602784468705,1.3635717461177164,2.958636885174977,1.0374978083414639,-0.051393997874201076,0.1114433975898877
simdrop,5.483333333333333,1.9277937879578535,forage_phonologicaldynamicswitch,8.511802906776113,1.317774477700551,2.681366008145993,0.5964163656651263,-0.11093476289282257,0.5095272781832172
none,,,forage_phonologicalstatic,8.724526930225197,1.4471516373570488,1.9311612633896336,0.7909290355380919,-0.021489008428256393,0.07990628709249561
none,,,forage_static,8.657699603951126,1.372779473946895,1.8525742331124992,0.6637727581959705,,
