Switch_Method,Switches_per_Subj_mean,Switches_per_Subj_SD,Model,Beta_Frequency_mean,Beta_Frequency_std,Beta_Semantic_mean,Beta_Semantic_std,Beta_Phonological_mean,Beta_Phonological_std
simdrop,5.433333333333334,1.986342255391944,forage_dynamic,8.608100333483439,1.2997222782124023,2.750552311495098,0.6114273237688074,,
simdrop,5.433333333333334,1.986342255391944,forage_phonologicaldynamicglobal,8.707257828652173,1.3790643207980386,2.942418126556289,0.8586689581988249,-0.03815061417056477,0.09051031247101073
simdrop,5.433333333333334,1.986342255391944,forage_phonologicaldynamiclocal,8.702077116949189,1.3599787169608581,3.0224943791920253,1.0732344502066586,-0.048992688344561934,0.11610831922400071
simdrop,5.433333333333334,1.986342255391944,forage_phonologicaldynamicswitch,8.644007337329898,1.305095559017676,2.751207118755649,0.6102942300446784,-0.2286213145824484,0.7070623949939991
none,,,forage_phonologicalstatic,8.846939722942368,1.4255049985992312,2.0579724313871948,0.7925909954311257,-0.024191829479944367,0.08126629054271028
none,,,forage_static,8.769153126655935,1.3459377563605093,1.964076827337242,0.6475497329205334,,
