Switch_Method,Switches_per_Subj_mean,Switches_per_Subj_SD,Model,Beta_Frequency_mean,Beta_Frequency_std,Beta_Semantic_mean,Beta_Semantic_std,Beta_Phonological_mean,Beta_Phonological_std
simdrop,5.516666666666667,1.9789868339352055,forage_dynamic,8.889473005015294,1.2807881272583885,2.7152954026936498,0.6701104813191515,,
simdrop,5.516666666666667,1.9789868339352055,forage_phonologicaldynamicglobal,8.98944724182396,1.3844222132368982,2.865135253347811,0.8817226208235835,-0.030083726407409753,0.08560720933028962
simdrop,5.516666666666667,1.9789868339352055,forage_phonologicaldynamiclocal,8.982668213410731,1.372324151594404,2.9076722482183213,0.9932145107088429,-0.03525464439668538,0.10515518382878015
simdrop,5.516666666666667,1.9789868339352055,forage_phonologicaldynamicswitch,8.925008174334726,1.2802549245934567,2.7170278324126143,0.66848572082835,-0.3227402464969876,0.868939110522402
none,,,forage_phonologicalstatic,9.14452522769584,1.381920124676878,1.9958229006341484,0.8093677478236581,-0.018167986204464314,0.08081772989558995
none,,,forage_static,9.07141425446994,1.2885285089564915,1.921956018370269,0.6739698899809514,,
