Switch_Method,Switches_per_Subj_mean,Switches_per_Subj_SD,Model,Beta_Frequency_mean,Beta_Frequency_std,Beta_Semantic_mean,Beta_Semantic_std,Beta_Phonological_mean,Beta_Phonological_std
simdrop,5.483333333333333,1.9104246183040625,forage_dynamic,8.566937534475196,1.305251466494766,2.424154767933305,0.49975855728694873,,
simdrop,5.483333333333333,1.9104246183040625,forage_phonologicaldynamicglobal,8.66610770156512,1.3983522007015825,2.59986183104978,0.6936862198769385,-0.039617271867629304,0.08910096945271834
simdrop,5.483333333333333,1.9104246183040625,forage_phonologicaldynamiclocal,8.69206678224754,1.386515347167961,2.7074155159831976,0.8061259517696453,-0.0648208519766957,0.11065429072796212
simdrop,5.483333333333333,1.9104246183040625,forage_phonologicaldynamicswitch,8.586330888603715,1.2995618907161615,2.424541187996369,0.499355922775537,-0.11050648910818668,0.5713341869691256
none,,,forage_phonologicalstatic,8.791795182674043,1.4262157812485026,1.7968200260726026,0.6999658347991761,-0.024999697557341317,0.08228100055504098
none,,,forage_static,8.713683686975669,1.3406249544137845,1.7100341146006974,0.5601171804739918,,
