Switch_Method,Switches_per_Subj_mean,Switches_per_Subj_SD,Model,Beta_Frequency_mean,Beta_Frequency_std,Beta_Semantic_mean,Beta_Semantic_std,Beta_Phonological_mean,Beta_Phonological_std
simdrop,5.216666666666667,1.8447372592202815,forage_dynamic,8.651807529655105,1.3639155046724079,3.561454791285756,0.9709647247203212,,
simdrop,5.216666666666667,1.8447372592202815,forage_phonologicaldynamicglobal,8.710113185919976,1.42626742921595,3.7078917921423877,1.2024724928227744,-0.025353925679121384,0.08268085027358534
simdrop,5.216666666666667,1.8447372592202815,forage_phonologicaldynamiclocal,8.698821651141467,1.4133698040393325,3.726934324664083,1.1925101740647104,-0.029272744179728714,0.08442129967003477
simdrop,5.216666666666667,1.8447372592202815,forage_phonologicaldynamicswitch,8.67457887306611,1.3636504340058029,3.5621389828969643,0.97020479501062,-0.30717076210479105,0.8222805814773602
none,,,forage_phonologicalstatic,8.863553280265267,1.474380833577221,2.4473226189078496,1.039529814704802,-0.012938431803720628,0.07644744870638023
none,,,forage_static,8.822338150425763,1.4162891688705053,2.394205763578275,0.9163004756708595,,
