Switch_Method,Switches_per_Subj_mean,Switches_per_Subj_SD,Model,Beta_Frequency_mean,Beta_Frequency_std,Beta_Semantic_mean,Beta_Semantic_std,Beta_Phonological_mean,Beta_Phonological_std
simdrop,5.133333333333334,1.9362047641943474,forage_dynamic,8.342035701741134,1.4217046883112798,4.391687976830196,1.3066574540231466,,
simdrop,5.133333333333334,1.9362047641943474,forage_phonologicaldynamicglobal,8.377048958996513,1.4737061803504805,4.557642267342334,1.656497985413311,-0.021845214182496478,0.08568494968470257
simdrop,5.133333333333334,1.9362047641943474,forage_phonologicaldynamiclocal,8.36618290224088,1.458376570187079,4.59415424092801,1.7162628073071144,-0.025437392620006414,0.09636594268285784
simdrop,5.133333333333334,1.9362047641943474,forage_phonologicaldynamicswitch,8.361685560089745,1.4251332006399466,4.391945616521084,1.3059449220266437,-0.18303111014160325,0.6824575780132105
none,,,forage_phonologicalstatic,8.562278983762955,1.5105421425724301,3.0160136071306387,1.3732286721746776,-0.009598842343554289,0.07862008109146774
none,,,forage_static,8.534622383809383,1.4686110206825584,2.95036444075631,1.190928612044405,,
