Switch_Method,Switches_per_Subj_mean,Switches_per_Subj_SD,Model,Beta_Frequency_mean,Beta_Frequency_std,Beta_Semantic_mean,Beta_Semantic_std,Beta_Phonological_mean,Beta_Phonological_std
simdrop,5.35,1.8603315116756296,forage_dynamic,8.468631643725285,1.418904825561869,4.21122087294141,1.3387342112679792,,
simdrop,5.35,1.8603315116756296,forage_phonologicaldynamicglobal,8.503292577218394,1.4614089010716087,4.353382064697119,1.667757114399176,-0.016597687456600157,0.08198526478039696
simdrop,5.35,1.8603315116756296,forage_phonologicaldynamiclocal,8.493058837697422,1.461757433882483,4.382872275108815,1.6838614336653615,-0.019694544203181837,0.08929395061488048
simdrop,5.35,1.8603315116756296,forage_phonologicaldynamicswitch,8.488925784626788,1.4151011948980825,4.211556055575008,1.3384043055757184,-0.1454272485777967,0.6042661794068082
none,,,forage_phonologicalstatic,8.664517914893228,1.4780920093369811,2.8197587086205664,1.3507859532817608,-0.005701652401700041,0.07651979367825097
none,,,forage_static,8.64113132794936,1.4354753838529362,2.7733180896928338,1.1964638130450884,,
