Switch_Method,Switches_per_Subj_mean,Switches_per_Subj_SD,Model,Beta_Frequency_mean,Beta_Frequency_std,Beta_Semantic_mean,Beta_Semantic_std,Beta_Phonological_mean,Beta_Phonological_std
simdrop,5.55,1.9784252997438814,forage_dynamic,8.921295078041803,1.2829837538823088,2.6819392734668637,0.6899790829109539,,
simdrop,5.55,1.9784252997438814,forage_phonologicaldynamicglobal,9.017282266120175,1.386314537699654,2.819673445495345,0.8906525905137711,-0.027841749722640165,0.08460504084468407
simdrop,5.55,1.9784252997438814,forage_phonologicaldynamiclocal,9.011243663178226,1.3736673018353773,2.8596520648482846,0.9831534766994453,-0.03406438284017031,0.10218300112850383
simdrop,5.55,1.9784252997438814,forage_phonologicaldynamicswitch,8.95318470338531,1.283843738485364,2.6836663400732403,0.6884591430646091,-0.2663696135934794,0.7365637656655926
none,,,forage_phonologicalstatic,9.16626653362356,1.384872450841071,1.9456485006236257,0.8110960781862208,-0.016273921134960005,0.0803349727265295
none,,,forage_static,9.097569769856301,1.2898759346264181,1.8793351558256781,0.6829923456269518,,
