Switch_Method,Switches_per_Subj_mean,Switches_per_Subj_SD,Model,Beta_Frequency_mean,Beta_Frequency_std,Beta_Semantic_mean,Beta_Semantic_std,Beta_Phonological_mean,Beta_Phonological_std
simdrop,5.35,1.922021505256033,forage_dynamic,8.4366636799059,1.3594922780683139,3.3115063967524785,0.8613590301850309,,
simdrop,5.35,1.922021505256033,forage_phonologicaldynamicglobal,8.506323314525014,1.4265783418495708,3.4847917985051984,1.1283505875607491,-0.03007786547250006,0.08546629750861903
simdrop,5.35,1.922021505256033,forage_phonologicaldynamiclocal,8.499255374040132,1.4364279663861297,3.522023181675689,1.174967076586484,-0.03492480164736331,0.09600018428392106
simdrop,5.35,1.922021505256033,forage_phonologicaldynamicswitch,8.446608601392654,1.3616315761074642,3.3117119214648194,0.8612408347926406,-0.22657460130265672,0.709991254302426
none,,,forage_phonologicalstatic,8.644554971869015,1.4882096942458878,2.282089609259681,1.0236938120210897,-0.015699850700780348,0.0794189646369493
none,,,forage_static,8.593434933814882,1.4273314293690682,2.2130104144005216,0.8631095277845913,,
