Switch_Method,Switches_per_Subj_mean,Switches_per_Subj_SD,Model,Beta_Frequency_mean,Beta_Frequency_std,Beta_Semantic_mean,Beta_Semantic_std,Beta_Phonological_mean,Beta_Phonological_std
simdrop,5.35,1.9649003367431472,forage_dynamic,9.025406448249592,1.234393671569033,2.3761523694991245,0.5992335043752387,,
simdrop,5.35,1.9649003367431472,forage_phonologicaldynamicglobal,9.136326110788525,1.347971817914136,2.5164021280501547,0.8024391156631218,-0.03057505309594373,0.08976888013412503
simdrop,5.35,1.9649003367431472,forage_phonologicaldynamiclocal,9.153206824728427,1.350495652940226,2.5806457616801675,0.9105020969617821,-0.04192742143358154,0.10569909737109678
simdrop,5.35,1.9649003367431472,forage_phonologicaldynamicswitch,9.049574517018142,1.2306294185422006,2.3771836774787567,0.5982445470880476,-0.1705016269671197,0.66165680163358
none,,,forage_phonologicalstatic,9.25891119279182,1.361842426001433,1.7930382013353303,0.7626004281962383,-0.01928651839352728,0.08425331447908635
none,,,forage_static,9.173966609770694,1.2504748834632808,1.7159480508020966,0.6199077310327755,,
