Switch_Method,Switches_per_Subj_mean,Switches_per_Subj_SD,Model,Beta_Frequency_mean,Beta_Frequency_std,Beta_Semantic_mean,Beta_Semantic_std,Beta_Phonological_mean,Beta_Phonological_std
simdrop,5.433333333333334,1.986342255391944,forage_dynamic,8.608100456034245,1.2997223640340962,2.7505526366300854,0.6114266922235118,,
simdrop,5.433333333333334,1.986342255391944,forage_phonologicaldynamicglobal,8.70725855834193,1.3790650276897347,2.9424181060877115,0.8586690253691469,-0.03815061792828888,0.0905103305216089
simdrop,5.433333333333334,1.986342255391944,forage_phonologicaldynamiclocal,8.70207701131876,1.3599795394737018,3.022493743815884,1.0732327086097528,-0.0489926382279683,0.11610817128202679
simdrop,5.433333333333334,1.986342255391944,forage_phonologicaldynamicswitch,8.644009278426555,1.305100333860703,2.751205901855919,0.6102928273063413,-0.21800470687049495,0.6774454501153554
none,,,forage_phonologicalstatic,8.846939616184244,1.4255051721964753,2.057972608316141,0.7925909190936895,-0.024191835767527762,0.08126629504208768
none,,,forage_static,8.769151080502233,1.3459392348266954,1.9640764783372238,0.6475503286956067,,
