Switch_Method,Switches_per_Subj_mean,Switches_per_Subj_SD,Model,Beta_Frequency_mean,Beta_Frequency_std,Beta_Semantic_mean,Beta_Semantic_std,Beta_Phonological_mean,Beta_Phonological_std
simdrop,5.55,1.9784252997438814,forage_dynamic,8.921294519423949,1.2829843708589213,2.6819394292538363,0.6899786578933108,,
simdrop,5.55,1.9784252997438814,forage_phonologicaldynamicglobal,9.017281928484744,1.3863153055401167,2.8196734632076774,0.8906527631842669,-0.027841763070952482,0.08460504385334472
simdrop,5.55,1.9784252997438814,forage_phonologicaldynamiclocal,9.011242929481508,1.3736683833153218,2.8596523291391254,0.9831538273690482,-0.03406440159667592,0.10218304245206586
simdrop,5.55,1.9784252997438814,forage_phonologicaldynamicswitch,8.953182241317593,1.2838427372822985,2.68366619070011,0.6884593782346011,-0.2880229009989099,0.7937927194494554
none,,,forage_phonologicalstatic,9.166266253900586,1.3848732439771276,1.9456487379347005,0.8110964413873956,-0.0162739370143593,0.08033499259649639
none,,,forage_static,9.09756984871711,1.2898743595972642,1.879334770109863,0.68299199085465,,
