Switch_Method,Switches_per_Subj_mean,Switches_per_Subj_SD,Model,Beta_Frequency_mean,Beta_Frequency_std,Beta_Semantic_mean,Beta_Semantic_std,Beta_Phonological_mean,Beta_Phonological_std
simdrop,5.55,1.909842925478428,forage_dynamic,8.503211776555709,1.3216799889834003,2.386857806849281,0.48380906145559727,,
simdrop,5.55,1.909842925478428,forage_phonologicaldynamicglobal,8.596259751107848,1.4090726671639304,2.554126222049744,0.6658901773786007,-0.03838347237565066,0.08752230553166854
simdrop,5.55,1.909842925478428,forage_phonologicaldynamiclocal,8.618005071639223,1.3976451552563245,2.6560333116657664,0.7600660683166675,-0.06267859595652495,0.10672708997628456
simdrop,5.55,1.909842925478428,forage_phonologicaldynamicswitch,8.512968812569573,1.321252247352975,2.38702283754774,0.4837574946413398,-0.11884987803585477,0.5922586800088234
none,,,forage_phonologicalstatic,8.694938226825416,1.449437153452009,1.7014996806370242,0.7118560291611337,-0.02278724945074265,0.08082135547577782
none,,,forage_static,8.625715575122971,1.3675739961264444,1.6259450631763268,0.5895635335685114,,
