Switch_Method,Switches_per_Subj_mean,Switches_per_Subj_SD,Model,Beta_Frequency_mean,Beta_Frequency_std,Beta_Semantic_mean,Beta_Semantic_std,Beta_Phonological_mean,Beta_Phonological_std
simdrop,5.283333333333333,1.7897082319628403,forage_dynamic,8.564232351024689,1.347378373503534,3.46959154781944,0.858803877038673,,
simdrop,5.283333333333333,1.7897082319628403,forage_phonologicaldynamicglobal,8.632328824466502,1.4104402188474796,3.658830323050654,1.1363069375249373,-0.03136659110708148,0.08613410511470193
simdrop,5.283333333333333,1.7897082319628403,forage_phonologicaldynamiclocal,8.62360508320821,1.409251079017268,3.6927762468018326,1.2049533904424363,-0.035854972725624344,0.0970787884537149
simdrop,5.283333333333333,1.7897082319628403,forage_phonologicaldynamicswitch,8.584902248841296,1.3397060539358765,3.4702653669359953,0.8578362986944646,-0.2529740759789381,0.7318055187809368
none,,,forage_phonologicalstatic,8.80448252650582,1.457325500034305,2.5229206005739755,1.0274453859231754,-0.01833870726890381,0.08048634582272006
none,,,forage_static,8.748058479657432,1.3930180021375564,2.435919102234348,0.8526817571616576,,
