Switch_Method,Switches_per_Subj_mean,Switches_per_Subj_SD,Model,Beta_Frequency_mean,Beta_Frequency_std,Beta_Semantic_mean,Beta_Semantic_std,Beta_Phonological_mean,Beta_Phonological_std
simdrop,5.516666666666667,1.9789868339352055,forage_dynamic,8.889473407816245,1.280785786780297,2.7152956498744945,0.6701104730465296,,
simdrop,5.516666666666667,1.9789868339352055,forage_phonologicaldynamicglobal,8.989446697900977,1.384421643177351,2.8651352316588574,0.8817225095634305,-0.03008372551341738,0.08560720643153538
simdrop,5.516666666666667,1.9789868339352055,forage_phonologicaldynamiclocal,8.982668426892243,1.3723243104676348,2.9076725183255707,0.9932144560866925,-0.03525465631604877,0.10515518854507026
simdrop,5.516666666666667,1.9789868339352055,forage_phonologicaldynamicswitch,8.925011057013414,1.2802537839276675,2.71702759974297,0.6684861446027478,-0.3029053236260938,0.8180462722502285
none,,,forage_phonologicalstatic,9.144526472712277,1.38191991814556,1.9958230538953472,0.8093680522200704,-0.018167990997205834,0.08081773047131299
none,,,forage_static,9.071414294885694,1.2885307574435625,1.9219562195140614,0.6739699407344766,,
