Switch_Method,Switches_per_Subj_mean,Switches_per_Subj_SD,Model,Beta_Frequency_mean,Beta_Frequency_std,Beta_Semantic_mean,Beta_Semantic_std,Beta_Phonological_mean,Beta_Phonological_std
simdrop,5.133333333333334,1.8660713336371206,forage_dynamic,8.352087999863478,1.4643791596942766,4.2507113965350465,1.3158894804577237,,
simdrop,5.133333333333334,1.8660713336371206,forage_phonologicaldynamicglobal,8.39847488453173,1.5251878565151424,4.390427425094759,1.6280764873547922,-0.019209942831083994,0.08598224882149208
simdrop,5.133333333333334,1.8660713336371206,forage_phonologicaldynamiclocal,8.394547563613834,1.5129396403500797,4.4200120368211335,1.6823926171991348,-0.05031982198495006,0.2974465267261173
simdrop,5.133333333333334,1.8660713336371206,forage_phonologicaldynamicswitch,8.376544625974496,1.4899015893027487,4.251013669532899,1.315673964994962,-0.1715113012506638,0.6364199739412112
none,,,forage_phonologicalstatic,8.533757468186277,1.5451029334796733,2.730300992770373,1.347366155494509,-0.006650105989595286,0.07861008302137777
none,,,forage_static,8.505132637985346,1.5003510875500472,2.6801878050539942,1.1997423468429969,,
