Switch_Method,Switches_per_Subj_mean,Switches_per_Subj_SD,Model,Beta_Frequency_mean,Beta_Frequency_std,Beta_Semantic_mean,Beta_Semantic_std,Beta_Phonological_mean,Beta_Phonological_std
simdrop,5.55,1.909842925478428,forage_dynamic,8.5094356030322,1.3209277191976783,2.397356041546984,0.47846144546912656,,
simdrop,5.55,1.909842925478428,forage_phonologicaldynamicglobal,8.602863108763424,1.4085438845487401,2.5657131691486637,0.660200297387345,-0.03863271182384996,0.08756748981440828
simdrop,5.55,1.909842925478428,forage_phonologicaldynamiclocal,8.6261107369461,1.3952787268241633,2.6677948777072418,0.7554641676967873,-0.06319161684999516,0.10755427601139834
simdrop,5.55,1.909842925478428,forage_phonologicaldynamicswitch,8.522826890979989,1.3176093732342284,2.3976711696477992,0.4781073167105798,-0.12802509102783685,0.6269369172443903
none,,,forage_phonologicalstatic,8.703545082193225,1.4465470478366331,1.7110475530147395,0.7077441030834472,-0.022991960397843843,0.08093027638841496
none,,,forage_static,8.633626929316112,1.364408253782228,1.6345936401311085,0.5834702327966669,,
