Switch_Method,Switches_per_Subj_mean,Switches_per_Subj_SD,Model,Beta_Frequency_mean,Beta_Frequency_std,Beta_Semantic_mean,Beta_Semantic_std,Beta_Phonological_mean,Beta_Phonological_std
simdrop,5.283333333333333,1.7897082319628403,forage_dynamic,8.564233578210178,1.347379033831696,3.469591715517742,0.8588043279200579,,
simdrop,5.283333333333333,1.7897082319628403,forage_phonologicaldynamicglobal,8.632329052956273,1.4104417559717812,3.658830071873305,1.1363064299768009,-0.03136658513692736,0.08613408734820747
simdrop,5.283333333333333,1.7897082319628403,forage_phonologicaldynamiclocal,8.623604694148973,1.4092502474088517,3.6927767031011296,1.2049536712954516,-0.035854984063587524,0.09707879775072757
simdrop,5.283333333333333,1.7897082319628403,forage_phonologicaldynamicswitch,8.584905641064593,1.3397013775860103,3.4702647726776,0.8578357983231683,-0.2609680863584987,0.7482916539826595
none,,,forage_phonologicalstatic,8.80448213368099,1.457324767839317,2.5229202771505697,1.0274452211509089,-0.01833870074779013,0.0804863156805105
none,,,forage_static,8.748058977792626,1.3930177598385032,2.4359191932180644,0.8526814359148298,,
