Switch_Method,Switches_per_Subj_mean,Switches_per_Subj_SD,Model,Beta_Frequency_mean,Beta_Frequency_std,Beta_Semantic_mean,Beta_Semantic_std,Beta_Phonological_mean,Beta_Phonological_std
simdrop,5.483333333333333,1.9620709014258946,forage_dynamic,8.833538561232492,1.2864087845056467,2.7540532327576397,0.6476306122565035,,
simdrop,5.483333333333333,1.9620709014258946,forage_phonologicaldynamicglobal,8.937507386259442,1.3869356391225456,2.9192302974542406,0.8708815115345334,-0.03310761622294965,0.08711516710466784
simdrop,5.483333333333333,1.9620709014258946,forage_phonologicaldynamiclocal,8.933548319997442,1.376960653095952,2.9668773073713224,0.9999124538128182,-0.03929171190146573,0.10805005448712413
simdrop,5.483333333333333,1.9620709014258946,forage_phonologicaldynamicswitch,8.868084014235729,1.2854823046331156,2.755377687631941,0.6462524176204667,-0.2752679892535105,0.7478037584952222
none,,,forage_phonologicalstatic,9.103719783126845,1.383569163937037,2.0548147756864434,0.8065921616703878,-0.020665662115689987,0.0814133994622587
none,,,forage_static,9.02523851103891,1.2927309260030557,1.9708672033975294,0.6624660348334761,,
