Switch_Method,Switches_per_Subj_mean,Switches_per_Subj_SD,Model,Beta_Frequency_mean,Beta_Frequency_std,Beta_Semantic_mean,Beta_Semantic_std,Beta_Phonological_mean,Beta_Phonological_std
simdrop,5.333333333333333,1.937925580499818,forage_dynamic,9.076394546011839,1.233981995588911,2.345728477509778,0.6208492019434667,,
simdrop,5.333333333333333,1.937925580499818,forage_phonologicaldynamicglobal,9.182428363701316,1.3484109738288108,2.4722693679925127,0.8069187290900928,-0.02801640466224746,0.08785551945908185
simdrop,5.333333333333333,1.937925580499818,forage_phonologicaldynamiclocal,9.194381726347391,1.3486257178324894,2.5264961316902492,0.894264838968351,-0.03810017178532061,0.09971949262740791
simdrop,5.333333333333333,1.937925580499818,forage_phonologicaldynamicswitch,9.099144849393968,1.2304191054777867,2.346878124013475,0.6197506535738404,-0.21133698323841568,0.7330134233066904
none,,,forage_phonologicalstatic,9.285924861723563,1.3675599760822605,1.7427594553436976,0.7682872568117683,-0.0171154953357414,0.08363158714225345
none,,,forage_static,9.205897623569047,1.2533702594282625,1.6733112895956415,0.6338867007823842,,
