Switch_Method,Switches_per_Subj_mean,Switches_per_Subj_SD,Model,Beta_Frequency_mean,Beta_Frequency_std,Beta_Semantic_mean,Beta_Semantic_std,Beta_Phonological_mean,Beta_Phonological_std
simdrop,5.3,1.846618531261939,forage_dynamic,8.448308880609078,1.4270809349315494,4.244428093808184,1.3328526005128405,,
simdrop,5.3,1.846618531261939,forage_phonologicaldynamicglobal,8.482734585256653,1.4681004092472867,4.3916820326603165,1.6686637314969213,-0.017389084468893378,0.0825381631716933
simdrop,5.3,1.846618531261939,forage_phonologicaldynamiclocal,8.473068914585927,1.4688527818304453,4.4227295829032265,1.6866317882605244,-0.020789475141435188,0.09029866619828297
simdrop,5.3,1.846618531261939,forage_phonologicaldynamicswitch,8.468511198028956,1.4210802058273164,4.244691801390903,1.3325585794782218,-0.14410299848581343,0.6076033933396605
none,,,forage_phonologicalstatic,8.651175315205473,1.4797018264943367,2.861648389480985,1.3552768048142063,-0.006382514469687311,0.07679235077041555
none,,,forage_static,8.627108750583437,1.437439305400638,2.811962884031952,1.1957796936995397,,
