Switch_Method,Switches_per_Subj_mean,Switches_per_Subj_SD,Model,Beta_Frequency_mean,Beta_Frequency_std,Beta_Semantic_mean,Beta_Semantic_std,Beta_Phonological_mean,Beta_Phonological_std
simdrop,5.333333333333333,1.8408935028645432,forage_dynamic,8.787332113824148,1.3254924641202508,3.4418160684794215,0.9726898186805464,,
simdrop,5.333333333333333,1.8408935028645432,forage_phonologicaldynamicglobal,8.851282642383433,1.3936351293281866,3.6022695853677127,1.2288150454105058,-0.025162340118405232,0.08407454816152492
simdrop,5.333333333333333,1.8408935028645432,forage_phonologicaldynamiclocal,8.840652072876825,1.3841749909270742,3.6342830746559582,1.2765537469112698,-0.028533466503794503,0.09026449026382996
simdrop,5.333333333333333,1.8408935028645432,forage_phonologicaldynamicswitch,8.81661169620941,1.3312232621421374,3.4430497191628455,0.971113714877435,-0.28321281900754924,0.77067499546052
none,,,forage_phonologicalstatic,8.971974474594264,1.4315050633132267,2.4191827202461678,1.0361519548015032,-0.012835526747634503,0.07897047513954147
none,,,forage_static,8.925439818711064,1.3644047326266053,2.3538533127654486,0.893892767447134,,
