Switch_Method,Switches_per_Subj_mean,Switches_per_Subj_SD,Model,Beta_Frequency_mean,Beta_Frequency_std,Beta_Semantic_mean,Beta_Semantic_std,Beta_Phonological_mean,Beta_Phonological_std
simdrop,5.35,1.8781639970992947,forage_dynamic,8.458290792192104,1.3581412806842426,3.3543944900799145,0.8576064633029902,,
simdrop,5.35,1.8781639970992947,forage_phonologicaldynamicglobal,8.526940816220048,1.4252420454317203,3.533957419211745,1.1356431093164192,-0.030655686765367333,0.08616768093566389
simdrop,5.35,1.8781639970992947,forage_phonologicaldynamiclocal,8.51967627345865,1.4340492794507202,3.565306960527065,1.1786505022969784,-0.03407324647986389,0.09705701906260666
simdrop,5.35,1.8781639970992947,forage_phonologicaldynamicswitch,8.47086109502774,1.360497357286361,3.3546547576183263,0.8572706288050778,-0.2648608778381939,0.7552968534042898
none,,,forage_phonologicalstatic,8.679278783305495,1.4823682334297605,2.356459727387616,1.025613592462671,-0.01677694042615691,0.07980818238182333
none,,,forage_static,8.626069108699658,1.4203266652289859,2.281237216343851,0.8584162351484469,,
