Switch_Method,Switches_per_Subj_mean,Switches_per_Subj_SD,Model,Beta_Frequency_mean,Beta_Frequency_std,Beta_Semantic_mean,Beta_Semantic_std,Beta_Phonological_mean,Beta_Phonological_std
simdrop,5.35,1.8603315116756298,forage_dynamic,8.807767159868744,1.3241897967885412,3.4117214288462083,0.991029156454631,,
simdrop,5.35,1.8603315116756298,forage_phonologicaldynamicglobal,8.870588110731514,1.3935585450045649,3.5628905659274595,1.2368629688320705,-0.02382346243138122,0.08330691159213297
simdrop,5.35,1.8603315116756298,forage_phonologicaldynamiclocal,8.857821364779129,1.3842761611538636,3.5878565990241054,1.2804573871856306,-0.02560425853599435,0.09008241429287273
simdrop,5.35,1.8603315116756298,forage_phonologicaldynamicswitch,8.838054878751631,1.332186288827099,3.412951386018187,0.9894017915127461,-0.2901892275782726,0.7883403889998097
none,,,forage_phonologicalstatic,8.988147177184533,1.432735135903471,2.3795347967738234,1.0386574917140579,-0.011669173497153178,0.0786435750695812
none,,,forage_static,8.94378901487208,1.365119149127932,2.3190689784318415,0.9028241757088213,,
