Switch_Method,Switches_per_Subj_mean,Switches_per_Subj_SD,Model,Beta_Frequency_mean,Beta_Frequency_std,Beta_Semantic_mean,Beta_Semantic_std,Beta_Phonological_mean,Beta_Phonological_std
simdrop,5.516666666666667,1.9016805433323678,forage_dynamic,8.52735271272649,1.316209586699403,2.40332488026459,0.49500439434849414,,
simdrop,5.516666666666667,1.9016805433323678,forage_phonologicaldynamicglobal,8.62244960015791,1.405265169164381,2.573762799525071,0.6794337427569167,-0.03893627650117653,0.08806675402869249
simdrop,5.516666666666667,1.9016805433323678,forage_phonologicaldynamiclocal,8.646669313469443,1.391683010439727,2.6781696378147544,0.7815295185533284,-0.0639154214771814,0.10865540485828633
simdrop,5.516666666666667,1.9016805433323678,forage_phonologicaldynamicswitch,8.540823526183042,1.3126976630553777,2.4036360615088843,0.49466627384047795,-0.1172962882325496,0.5908728923870964
none,,,forage_phonologicalstatic,8.73346972420662,1.4386689121219876,1.7426408576445638,0.7011517882555076,-0.02371812359543073,0.08136612634899389
none,,,forage_static,8.660852910992661,1.3554265276413384,1.6626973869190813,0.5709518571417203,,
