Switch_Method,Switches_per_Subj_mean,Switches_per_Subj_SD,Model,Beta_Frequency_mean,Beta_Frequency_std,Beta_Semantic_mean,Beta_Semantic_std,Beta_Phonological_mean,Beta_Phonological_std
simdrop,5.35,1.887017046381228,forage_dynamic,8.419862568302495,1.3549939280129675,3.2804229598751844,0.8702792681229297,,
simdrop,5.35,1.887017046381228,forage_phonologicaldynamicglobal,8.491450923348678,1.4234884330023232,3.4507778920610233,1.1349820228322611,-0.02961398886526548,0.08564756055777281
simdrop,5.35,1.887017046381228,forage_phonologicaldynamiclocal,8.479735894016091,1.4262826687395997,3.483740481011451,1.1779083926456067,-0.03339621254927602,0.09526117218276799
simdrop,5.35,1.887017046381228,forage_phonologicaldynamicswitch,8.43337154457432,1.360847796301696,3.280644598080657,0.8700396042315928,-0.22019409175203256,0.6831661616894757
none,,,forage_phonologicalstatic,8.62316501911999,1.4915207957012493,2.232017333419693,1.0220567770966364,-0.014949092887447397,0.07915545564052895
none,,,forage_static,8.573503770902583,1.4314844150139623,2.167011652551506,0.8662642868949296,,
