Switch_Method,Switches_per_Subj_mean,Switches_per_Subj_SD,Model,Beta_Frequency_mean,Beta_Frequency_std,Beta_Semantic_mean,Beta_Semantic_std,Beta_Phonological_mean,Beta_Phonological_std
simdrop,5.066666666666666,1.8427033281447005,forage_dynamic,8.351017566765195,1.4588295323364782,4.302390963178793,1.2956085987021206,,
simdrop,5.066666666666666,1.8427033281447005,forage_phonologicaldynamicglobal,8.39711851951899,1.5192899042159822,4.450475454910853,1.620719760319414,-0.020325387123433392,0.08623817708118935
simdrop,5.066666666666666,1.8427033281447005,forage_phonologicaldynamiclocal,8.392155608674674,1.5070697796152919,4.488690071974569,1.6919172605548287,-0.06020985739015884,0.3543520738666597
simdrop,5.066666666666666,1.8427033281447005,forage_phonologicaldynamicswitch,8.374797490556556,1.4830277715816318,4.302629795771084,1.2952812775655715,-0.16826163206640768,0.6545077324642607
none,,,forage_phonologicalstatic,8.535607919253975,1.541177813437915,2.7849010741445506,1.3540456794973552,-0.007262261553265922,0.07871000003682041
none,,,forage_static,8.506957714564187,1.496735796977338,2.731751058656061,1.1995569307610414,,
